url,milk,country,region,family,type,fat_content,calcium_content,texture,rind,color,flavor,aroma,vegetarian,vegan,synonyms,alt_spellings,producers
https://www.cheese.com/aarewasser/,cow,Switzerland,NA,NA,semi-soft,NA,NA,buttery,washed,yellow,sweet,buttery,FALSE,FALSE,NA,NA,Jumi
https://www.cheese.com/abbaye-de-belloc/,sheep,France,Pays Basque,NA,"semi-hard, artisan",NA,NA,"creamy, dense, firm",natural,yellow,burnt caramel,lanoline,TRUE,FALSE,Abbaye Notre-Dame de Belloc,NA,NA
https://www.cheese.com/abondance/,cow,France,NA,NA,"semi-hard, artisan",NA,NA,creamy,natural,pale yellow,nutty,"buttery, fruity",FALSE,FALSE,Tomme d'Abondance,NA,NA
https://www.cheese.com/abbaye-de-citeaux/,cow,France,Burgundy,NA,"semi-soft, artisan, brined",NA,NA,"creamy, dense, smooth",washed,white,"acidic, milky, smooth","barnyardy, earthy",FALSE,FALSE,NA,NA,NA
https://www.cheese.com/tamie/,cow,France,Savoie,NA,"soft, artisan",NA,NA,"creamy, open, smooth",washed,white,"fruity, nutty","perfumed, pungent",FALSE,FALSE,NA,"Tami√©, Trappiste de Tamie, Abbey of Tamie",NA
https://www.cheese.com/abbaye-du-mont-des-cats/,cow,France,Nord-Pas-de-Calais,NA,"semi-soft, artisan, brined",50%,NA,"smooth, supple",washed,pale yellow,"milky, salty",floral,FALSE,FALSE,NA,NA,Abbaye du Mont des Cats
https://www.cheese.com/ackawi/,"cow, goat, sheep","Cyprus, Egypt, Israel, Jordan, Lebanon, Middle East, Syria",+,Feta,"soft, brined",NA,NA,"elastic, smooth, springy",natural,white,"mild, milky, salty","mild, milky",FALSE,FALSE,NA,"Akkawi , Akawieh, Akawi",NA
https://www.cheese.com/abbaye-de-timadeuc/,cow,France,province of Brittany,NA,semi-hard,NA,NA,soft,washed,pale yellow,"salty, smooth",nutty,FALSE,FALSE,NA,NA,Abbaye Cistercienne NOTRE-DAME DE TIMADEUC
https://www.cheese.com/adelost/,cow,Sweden,NA,Blue,"semi-soft, blue-veined",50%,NA,creamy,natural,blue,"salty, sharp, tangy",strong,NA,NA,NA,NA,NA
https://www.cheese.com/affineur-walo-rotwein-sennechas/,cow,Switzerland,NA,Swiss Cheese,"hard, artisan",NA,NA,smooth,washed,cream,"creamy, pronounced, spicy","rich, strong",FALSE,FALSE,Affineur Walo Red Wine Farmer,NA,Walo von M√ºhlenen AG
https://www.cheese.com/afuegal-pitu/,cow,Spain,Asturias,NA,"soft, artisan",NA,NA,smooth,cloth wrapped,NA,"spicy, strong",NA,FALSE,FALSE,NA,NA,NA
https://www.cheese.com/aged-british-cheddar/,cow,United States,NY,Cheddar,"hard, artisan",NA,NA,"crumbly, crystalline, flaky",natural,pale yellow,"sharp, tangy","nutty, sweet",NA,NA,NA,NA,Muranda Cheese Company
https://www.cheese.com/aged-gouda/,"cow, goat, sheep",Netherlands,NA,Gouda,hard,NA,NA,"crumbly, crystalline, dense",waxed,yellow,NA,rich,NA,NA,Oud Gouda,NA,NA
https://www.cheese.com/aged-cheddar/,cow,United States,NA,NA,hard,NA,NA,"buttery, creamy, crumbly",rindless,golden yellow,"creamy, earthy, nutty","earthy, nutty",TRUE,FALSE,NA,NA,"Maple Grove Cheese, INC."
https://www.cheese.com/alex-james-co-no-1-cheddar/,cow,United Kingdom,NA,NA,hard,NA,NA,"creamy, crumbly",NA,yellow,sweet,NA,NA,NA,NA,NA,NA
https://www.cheese.com/aisy-cendre/,cow,France,Burgundy,NA,"semi-soft, smear-ripened",50%,NA,"creamy, smooth",washed,white,"full-flavored, herbaceous, salty, smokey","earthy, nutty, smokey",FALSE,FALSE,"Cendre d'Aisy, Ashen Aisy",NA,NA
https://www.cheese.com/alex-james-co-no-2-blue-monday/,cow,United Kingdom,NA,NA,semi-soft,NA,NA,"creamy, semi firm",NA,blue,NA,"spicy, sweet",NA,NA,NA,NA,NA
https://www.cheese.com/alex-james-co-no-3-valley-brie/,cow,United Kingdom,NA,NA,"soft, semi-soft",NA,NA,"buttery, creamy, semi firm, smooth, soft",NA,pale white,NA,NA,NA,NA,NA,NA,NA
https://www.cheese.com/alex-james-co-no-4-goats/,goat,United Kingdom,NA,NA,fresh soft,NA,NA,"smooth, springy",NA,pale white,NA,NA,NA,NA,NA,NA,NA
https://www.cheese.com/alisia-victoria/,cow,Switzerland,NA,NA,firm,NA,NA,smooth,natural,golden yellow,buttery,nutty,NA,NA,NA,NA,Eyeweid
https://www.cheese.com/alex-james-co-no-5-grunge/,cow,United Kingdom,NA,NA,"soft, semi-soft, organic",NA,NA,"creamy, soft",washed,orange,NA,NA,NA,NA,NA,NA,NA
https://www.cheese.com/allgauer-emmentaler/,cow,Germany,Swabia,NA,hard,45%,NA,firm,natural,yellow,nutty,pungent,FALSE,FALSE,NA,NA,NA
https://www.cheese.com/alpkase/,cow,Switzerland,NA,NA,hard,NA,NA,dense,natural,golden yellow,herbaceous,rich,FALSE,FALSE,Alpkase,NA,Jumi
https://www.cheese.com/amarelo-de-beira-baixa/,"goat, sheep",Portugal,Beira Baixa Province,NA,"semi-firm, artisan",45-60%,NA,,NA,yellow,acidic,NA,FALSE,FALSE,"Amarelo da Beira Baixa Cheese (DOP), Queijo amarelo da Beira Baixa",NA,NA
https://www.cheese.com/alpha-tolman/,cow,United States,"Greensboro, VT",Swiss Cheese,"semi-hard, artisan",NA,NA,"dense, elastic, smooth",washed,yellow,"buttery, caramel, fruity, full-flavored, nutty","fruity, nutty",NA,NA,NA,NA,Jasper Hill Farm
https://www.cheese.com/ami-du-chambertin/,cow,France,"Gevrey-Chambertin, Burgundy",NA,"semi-soft, artisan, brined",45%,NA,smooth,washed,white,"buttery, sharp",NA,FALSE,FALSE,L'Ami du Chambertin,NA,NA
https://www.cheese.com/amul-cheese-spread/,cow,India,Gujarat,NA,"soft, processed",NA,NA,"creamy, spreadable",NA,NA,"creamy, salty, savory, spicy",NA,TRUE,FALSE,NA,NA,Gujarat Cooperative Milk Marketing Federation (Amul)
https://www.cheese.com/american-cheese/,cow,United States,NA,NA,"semi-soft, processed",NA,NA,smooth,rindless,yellow,NA,mild,FALSE,FALSE,NA,NA,NA
https://www.cheese.com/amul-processed-cheese/,"cow, water buffalo",India,Gujarat,Cheddar,"hard, processed",26%,343 mg/100g,"crumbly, dense",artificial,yellow,"buttery, creamy, salty",NA,TRUE,FALSE,NA,NA,Gujarat Cooperative Milk Marketing Federation (Amul)
https://www.cheese.com/anari/,"goat, sheep",Cyprus,island wide,Cottage,"fresh soft, hard, artisan",8%,NA,"brittle, creamy, flaky",natural,white,"creamy, mild, salty",NA,NA,NA,"Dry Anari, Fresh Anari",NA,NA
https://www.cheese.com/anejo-enchilado/,"cow, goat",Mexico,NA,NA,semi-hard,NA,NA,"crumbly, firm",NA,white,"salty, sharp, spicy, strong",strong,FALSE,FALSE,"Queso A√±ejo, A√±ejo",NA,NA
https://www.cheese.com/anster/,cow,Scotland,Fife,NA,"semi-hard, artisan",NA,NA,"crumbly, dry",NA,ivory,milky,"milky, rich",NA,NA,NA,NA,St Andrews Farmhouse Cheese Company
https://www.cheese.com/anthotyro/,"goat, sheep",Greece,"Macedonia, Thrace, Thessalia, Peloponissos, Ionian Islands, Aegean islands, Crete Island and Epirus",NA,"hard, whey",30%,318 mg/100g,crumbly,natural,white,"salty, tangy",strong,NA,NA,"Anthotyro Fresco, Anthotyro","Anthotiro, Antotiro",NA
https://www.cheese.com/appenzeller/,cow,Switzerland,NA,NA,"hard, artisan",NA,NA,firm,washed,NA,"fruity, nutty",strong,NA,NA,NA,"Appenzeller Classic, Appenzeller Surchoix, Appenzeller Extra",NA
https://www.cheese.com/applewood/,cow,"England, Great Britain, United Kingdom",Somerset,Cheddar,semi-hard,NA,NA,"crumbly, dense",natural,yellow,"smokey , spicy",smokey,TRUE,FALSE,Applewood smoked cheddar,NA,Ilchester Cheese Company
https://www.cheese.com/ardrahan/,cow,Ireland,Duhallow,NA,"semi-soft, brined",25%,NA,"chalky, smooth",washed,yellow,"acidic, buttery, nutty","earthy, pungent",TRUE,FALSE,NA,NA,Ardrahan Dairy Products Ltd.
https://www.cheese.com/ardi-gasna/,sheep,France,Midi-Pyr√©n√©es,NA,"hard, artisan",45%,NA,"firm, supple",washed,pale yellow,"mild, nutty, sharp",fresh,FALSE,FALSE,NA,NA,NA
https://www.cheese.com/appalachian/,cow,United States,Virginia,Tomme,"semi-soft, artisan",NA,NA,firm,mold ripened,white,"buttery, lemony, mushroomy","earthy, grassy, lactic",NA,NA,NA,NA,Meadow Creek Dairy
https://www.cheese.com/armenian-string-cheese/,"cow, goat, sheep",Armenia,NA,NA,semi-soft,NA,NA,"creamy, smooth, springy",NA,white,mild,NA,NA,NA,"Syrian String Cheese, Chechil",NA,NA
https://www.cheese.com/asiago/,cow,Italy,"Veneto, Trentino",NA,hard,34-48%,NA,"compact, crumbly, open, smooth",natural,yellow,"full-flavored, milky, sharp",pungent,FALSE,FALSE,NA,NA,NA
https://www.cheese.com/asiago-pressato/,cow,Italy,Veneto,NA,semi-soft,48%,NA,"creamy, smooth",natural,white,"nutty, sweet",fresh,FALSE,FALSE,"Asiago Fresco, Asiago Fresco DOP Mitica¬Æ",Pressato,NA
https://www.cheese.com/asiago-dallevo/,cow,Italy,Veneto,NA,hard,34%,NA,compact,natural,pale yellow,savory,"pleasant, yeasty",FALSE,FALSE,"Asiago Aged, Asiago D‚ÄôAllevo DOP Mitica¬Æ, Asiago Mezzano",NA,NA
https://www.cheese.com/ashley/,cow,United States,Colorado,NA,"soft, artisan, soft-ripened",NA,NA,"creamy, soft",ash coated,cream,sweet,NA,NA,NA,MouCo Ashley,NA,MouCo Cheese Company
https://www.cheese.com/auld-lochnagar/,cow,Scotland,NA,NA,hard,NA,NA,"compact, crumbly",natural,orange,"grassy, mellow, subtle, tangy",mild,NA,NA,NA,NA,The Cambus O‚ÄôMay Cheese Company
https://www.cheese.com/aura/,cow,Finland,√Ñ√§nekoski,Blue,"semi-soft, blue-veined",NA,NA,creamy,mold ripened,pale yellow,"salty, sharp, strong, tangy",NA,FALSE,FALSE,Auro Gold,NA,Valio
https://www.cheese.com/azeitao/,sheep,Portugal,"Setubal, Palmela and Sesimbra",NA,"semi-soft, artisan",NA,NA,"creamy, supple",washed,pale yellow,"herbaceous, salty, sour",NA,TRUE,FALSE,Queijo de Azeitao,NA,NA
https://www.cheese.com/baby-brie/,cow,France,NA,Brie,soft,NA,NA,creamy,bloomy,cream,"creamy, mild",aromatic,FALSE,FALSE,"Petit Brie, Mini Brie",NA,NA
https://www.cheese.com/babybel/,cow,France,NA,NA,semi-hard,NA,NA,smooth,waxed,NA,NA,NA,NA,NA,NA,NA,NA
https://www.cheese.com/baladi/,"cow, goat, sheep","Lebanon, Middle East",NA,NA,"fresh soft, artisan",22%,NA,"creamy, dense, smooth",rindless,white,"buttery, mild, salty, sweet",fresh,FALSE,FALSE,"Jibneh Khadra, Jibnah Baladi, Baladieh, Jibneh Baladi",NA,NA
https://www.cheese.com/baby-swiss/,cow,United States,"Charm, Ohio",Swiss Cheese,"semi-soft, processed",43%,NA,"creamy, open, smooth",rindless,pale yellow,"nutty, sharp, sweet",NA,FALSE,FALSE,Lacy cheese,NA,Guggisberg Cheese
https://www.cheese.com/bandal/,cow,India,West Bengal,Cottage,"semi-soft, artisan",NA,NA,crumbly,rindless,NA,"salty, smokey , strong",strong,TRUE,FALSE,NA,Bandel,NA
https://www.cheese.com/banon/,goat,France,Banon,NA,"soft, artisan",NA,NA,"creamy, smooth",leaf wrapped,white,"fruity, mild",earthy,NA,NA,"Banon √† la feuille, Banon AOC",NA,NA
https://www.cheese.com/barbers-1833/,cow,England,NA,Cheddar,hard,NA,NA,creamy,NA,NA,"sweet, tangy",NA,TRUE,FALSE,NA,NA,AJ & RE Barber Ltd
https://www.cheese.com/barlocco/,cow,Scotland,NA,NA,semi-soft,NA,NA,creamy,natural,blue,full-flavored,strong,TRUE,FALSE,NA,NA,The Ethical Dairy
https://www.cheese.com/baron-bigod/,cow,England,NA,NA,"soft, artisan",NA,NA,"creamy, smooth",NA,NA,"buttery, mushroomy","grassy, milky",NA,NA,NA,NA,Fen Farm Dairy
https://www.cheese.com/baron-bigod-baby-truffle/,cow,England,NA,NA,"soft, artisan",NA,NA,"creamy, smooth",NA,NA,milky,"earthy, mushroom",NA,NA,Baby Truffled Baron,NA,Fen Farm Dairy
https://www.cheese.com/barricato-al-pepe/,cow,Italy,NA,NA,"firm, artisan",NA,NA,crumbly,natural,ivory,NA,"fruity, spicy",NA,NA,NA,NA,NA
https://www.cheese.com/barriquet/,goat,France,NA,NA,soft,NA,NA,"smooth, supple",washed,white,"earthy, full-flavored, meaty, nutty",aromatic,FALSE,FALSE,NA,NA,Pierrick Brendani and Nicolas Trotot
https://www.cheese.com/basajo/,sheep,Italy,NA,Blue,"semi-soft, blue-veined",NA,NA,creamy,NA,NA,sweet,fruity,FALSE,FALSE,NA,NA,NA
https://www.cheese.com/basket-molded-ricotta/,cow,,NA,Cottage,fresh firm,NA,NA,firm,NA,white,"creamy, sweet",fresh,NA,NA,NA,NA,NA
https://www.cheese.com/basket-cheese/,cow,Middle East,NA,Cottage,"soft, semi-soft",NA,NA,"chewy, supple",rindless,white,"mild, salty",milky,TRUE,FALSE,NA,NA,"Specialty Cheese Company, Inc"
https://www.cheese.com/bath-soft/,cow,England,South West England,Brie,soft,NA,NA,creamy,bloomy,ivory,"citrusy, lemony, mushroomy","aromatic, grassy",NA,NA,NA,Bath Soft,The Bath Soft Cheese Co.
https://www.cheese.com/bavaria-blu/,cow,Germany,NA,Blue,"soft, blue-veined",43.3 g/100g,450 mg/100g,"creamy, soft",mold ripened,cream,"creamy, sharp, strong","aromatic, rich",FALSE,FALSE,"Bavaria blu - Tasty Blue, Bavaria blu - Rich & Creamy, Bavaria blu ‚Äì Classic Blue, Bavaria blu ‚Äì Mild & Blue",NA,Bergader Privatk√§serei GmbH
https://www.cheese.com/bavarian-bergkase/,cow,Germany,Allgaeu Alps,NA,"hard, artisan",62%,NA,"crumbly, firm, open",natural,pale yellow,"full-flavored, nutty, spicy","aromatic, rich",FALSE,FALSE,"Allg√§uer Bergk√§se DOP, Allgauer Bergkase",Bawarii Bergk√§se,NA
https://www.cheese.com/bath-blue/,cow,"England, United Kingdom",South West England,Blue,"soft, artisan, blue-veined",NA,NA,"creamy, smooth",natural,cream,creamy,clean,NA,NA,NA,NA,The Bath Soft Cheese Co.
https://www.cheese.com/bath-soft-cheese-truffled/,cow,United Kingdom,NA,Brie,soft,NA,NA,"buttery, soft-ripened",NA,white,NA,NA,NA,NA,NA,NA,The Bath Soft Cheese Co.
https://www.cheese.com/beaufort/,cow,France,NA,NA,semi-firm,NA,NA,"creamy, smooth",NA,pale yellow,NA,"fruity, nutty",FALSE,FALSE,"Beaufort AOP Chalet Alpage Meule, Beaufort AOC",NA,NA
https://www.cheese.com/beauvale/,cow,England,East Midlands,NA,"soft, blue-veined",NA,NA,"creamy, smooth",NA,pale yellow,creamy,NA,FALSE,FALSE,NA,NA,Cropwell Bishop Creamery Limited
https://www.cheese.com/bayley-hazen-blue/,cow,United States,"Greensboro, VT",Blue,"semi-hard, artisan, blue-veined",NA,NA,"creamy, dense, firm",natural,cream,"buttery, grassy, licorice, nutty, tangy","grassy, spicy, strong",FALSE,FALSE,NA,NA,Jasper Hill Farm
https://www.cheese.com/beemster-aged/,cow,Netherlands,NA,Gouda,hard,NA,NA,"crystalline, firm, smooth",natural,yellow,"full-flavored, smooth, spicy, strong",rich,FALSE,FALSE,Beemster Old,NA,CONO Kaasmakers / Beemster
https://www.cheese.com/beemster-classic/,cow,Netherlands,NA,Gouda,semi-hard,NA,NA,"creamy, firm, smooth",natural,yellow,"buttery, nutty","buttery, rich",FALSE,FALSE,NA,NA,Beemster Cheese
https://www.cheese.com/beemster-extra-aged/,cow,Netherlands,NA,Gouda,hard,NA,NA,"brittle, crumbly, grainy",natural,golden yellow,"butterscotch, nutty",aromatic,FALSE,FALSE,"Beemster Extra Old, Beemster X-O, Beemster XO",NA,"Beemster Cheese, CONO Kaasmakers / Beemster"
https://www.cheese.com/beenleigh-blue/,sheep,England,NA,Blue,"soft, blue-veined",NA,NA,smooth,natural,NA,lemony,fresh,TRUE,FALSE,NA,NA,Ticklemore Cheese Dairy
https://www.cheese.com/bel-paese/,cow,Italy,Lombardy,NA,semi-soft,NA,NA,"creamy, smooth",plastic,pale yellow,"buttery, mild, milky, sweet",pleasant,FALSE,FALSE,NA,NA,Galbani
https://www.cheese.com/berkswell/,sheep,United Kingdom,NA,NA,hard,NA,NA,"chewy, firm",natural,pale yellow,NA,sweet,NA,NA,NA,NA,NA
https://www.cheese.com/beyaz-peynir/,"cow, goat, sheep",Turkey,NA,NA,"semi-soft, brined",NA,NA,,NA,pale white,NA,NA,TRUE,FALSE,NA,NA,NA
https://www.cheese.com/bethmale-des-pyrenees/,cow,France,Pyrenees,NA,semi-hard,NA,NA,,natural,brownish yellow,mild,"aromatic, earthy, mushroom",FALSE,FALSE,NA,NA,NA
https://www.cheese.com/bierkase/,cow,Germany,NA,NA,"semi-soft, smear-ripened",NA,NA,smooth,washed,pale yellow,"salty, tangy",strong,NA,NA,"Weisslacker, beer kaese, beer cheese, Whitewash, bierk√§se",NA,NA
https://www.cheese.com/big-rock-blue/,cow,United States,California,Blue,"semi-firm, artisan, blue-veined",NA,NA,"buttery, crumbly",rindless,ivory,"buttery, salty",mild,TRUE,FALSE,NA,NA,Central Coast Creamery
https://www.cheese.com/bix/,cow,United Kingdom,NA,NA,"soft, semi-soft",NA,NA,"buttery, creamy, soft, soft-ripened",NA,pale yellow,NA,NA,NA,NA,NA,NA,NA
https://www.cheese.com/black-bomber-cheddar/,cow,United Kingdom,NA,NA,hard,NA,NA,"buttery, compact, creamy, crumbly",NA,yellow,NA,rich,NA,NA,"Little Black Bomber, Black Bomber",NA,Snowdonia Cheese Company Limited
https://www.cheese.com/blackmount/,goat,Scotland,NA,NA,soft,NA,NA,creamy,ash coated,green,earthy,clean,TRUE,FALSE,NA,NA,Errington Cheese Ltd.
https://www.cheese.com/blaenafon-pwll-ddu/,cow,Wales,NA,NA,hard,NA,NA,compact,NA,cream,savory,NA,NA,NA,NA,NA,NA
https://www.cheese.com/blacksticks-blue/,cow,United Kingdom,NA,Blue,"soft, blue-veined",NA,NA,"creamy, spreadable",NA,orange,"creamy, tangy",NA,TRUE,FALSE,Butlers Blacksticks Blue,NA,Butlers Farmhouse Cheeses
https://www.cheese.com/bleu-benedictin/,cow,Canada,Quebec,Blue,"semi-soft, artisan, blue-veined",NA,NA,"creamy, crumbly, firm",natural,pale yellow,"creamy, salty, woody","mushroom, pleasant",FALSE,FALSE,NA,NA,Fromagerie de l'Abbaye Saint-Beno√Æt
https://www.cheese.com/bleu-dauvergne/,cow,France,Auvergne,Blue,"semi-soft, artisan",NA,NA,"creamy, smooth",NA,ivory,"buttery, creamy, pungent",strong,NA,NA,Bleu d'Auvergne AOC,NA,NA
https://www.cheese.com/bleu-des-causses/,cow,France,NA,Blue,"semi-soft, blue-veined",NA,NA,creamy,NA,NA,"milky, spicy",strong,NA,NA,Bleu Des Causses AOC,NA,NA
https://www.cheese.com/blu-61/,cow,Italy,Veneto,Blue,"soft, blue-veined",NA,NA,"creamy, soft",NA,white,"creamy, pronounced, strong","fruity, rich, sweet",FALSE,FALSE,NA,NA,La Casearia Carpenedo S.r.l.
https://www.cheese.com/vegan-blue/,plant-based,United Kingdom,NA,NA,soft,NA,NA,"creamy, soft-ripened",mold ripened,blue,"creamy, mild, smooth","milky, ripe",TRUE,TRUE,NA,NA,Honestly Tasty
https://www.cheese.com/blue-vein-cheese/,"cow, goat, sheep",,NA,Blue,"semi-soft, blue-veined",NA,NA,creamy,NA,blue,"salty, sharp, tangy","stinky, strong",FALSE,FALSE,"Blue cheese, Bleu cheese, Erborinato, Blue-Vein Cheese",NA,NA
https://www.cheese.com/blue-castello/,cow,Denmark,NA,Blue,soft,NA,NA,"creamy, smooth",washed,blue,buttery,spicy,NA,NA,NA,NA,NA
https://www.cheese.com/blu-di-bufala/,water buffalo,Italy,Lombardy,Blue,"semi-firm, artisan, blue-veined",NA,NA,"creamy, crumbly",natural,cream,"acidic, milky, sweet, tangy","fresh, milky",FALSE,FALSE,NA,NA,NA
https://www.cheese.com/blue-clouds/,cow,United Kingdom,NA,NA,semi-soft,NA,NA,creamy,NA,blue,NA,NA,TRUE,FALSE,NA,NA,NA
https://www.cheese.com/blue-vein-australian/,cow,Australia,NA,Blue,"semi-soft, blue-veined",NA,NA,"creamy, dense",natural,blue,"salty, sharp","stinky, strong",NA,NA,NA,NA,NA
https://www.cheese.com/bluebell/,cow,Scotland,NA,NA,semi-soft,NA,NA,soft,natural,blue-grey,sweet,mushroom,TRUE,FALSE,NA,NA,The Ethical Dairy
https://www.cheese.com/boeren-leidse-met-sleutels/,cow,Netherlands,Leiden,Gouda,"hard, artisan",30-40%,NA,"crumbly, firm",waxed,yellow,"fruity, spicy","aromatic, rich",FALSE,FALSE,"Farmers Leiden, Leidse kaas, Leyden cheese, Boeren-Leidse kaas, Boeren-Leidse, cumin cheese, Leyden, Boeren-Leidse met sleutels, Boeren Leidenkaas",NA,NA
https://www.cheese.com/bocconcini/,"cow, goat, water buffalo",Italy,NA,Mozzarella,"semi-soft, brined",NA,NA,creamy,rindless,white,"buttery, mild, sweet",NA,NA,NA,"bocconcino di bufala campana, bocconcini alla panna di bufala, Bocconcino Di Langa",NA,La Casa Del Formaggio
https://www.cheese.com/blythedale-camembert/,cow,United States,Vermont,Camembert,"soft, artisan",NA,NA,"creamy, dense",natural,ivory,"earthy, mushroomy",mild,TRUE,FALSE,Camembert Vermont,NA,Blythedale Farm Cheeses
https://www.cheese.com/bosworth/,goat,United Kingdom,NA,NA,"soft, artisan",NA,NA,crumbly,mold ripened,white,"mild, salty, sweet",goaty,NA,NA,"Bosworth Leaf, Bosworth Ash Log",NA,Highfields Farm Dairy
https://www.cheese.com/bouncing-berry/,cow,United Kingdom,NA,NA,hard,NA,NA,creamy,waxed,pale yellow,fruity,NA,NA,NA,NA,NA,NA
https://www.cheese.com/boulette-davesnes/,cow,France,Avesnes,NA,fresh soft,45%,NA,"creamy, smooth",washed,NA,spicy,stinky,TRUE,FALSE,NA,NA,NA
https://www.cheese.com/boursault/,cow,France,NA,Brie,"soft, soft-ripened",NA,NA,"creamy, spreadable",bloomy,NA,buttery,NA,NA,NA,NA,NA,NA
https://www.cheese.com/boursin/,cow,France,Croisy-sur-Eure,NA,"soft, processed",60%,NA,"creamy, crumbly, spreadable",rindless,white,"buttery, full-flavored, herbaceous, smooth","fresh, strong",TRUE,FALSE,Gournay cheese,NA,Boursin Bel UK Ltd
https://www.cheese.com/bouyguette/,goat,France,NA,NA,fresh soft,NA,NA,"creamy, crumbly, soft",edible,white,"lemony, milky, smooth","floral, fresh, goaty, grassy",FALSE,FALSE,NA,NA,NA
https://www.cheese.com/boyne-valley-ban/,goat,Ireland,NA,NA,hard,NA,NA,"creamy, crumbly",natural,ivory,"earthy, full-flavored, garlicky, grassy, lemony, mushroomy, umami","barnyardy, buttery, earthy, goaty, musty",TRUE,FALSE,Boyne Valley Ban,NA,Boyne Valley Cheese
https://www.cheese.com/bra/,cow,Italy,Piedmont,NA,hard,35%,NA,firm,natural,pale yellow,"salty, savory",NA,FALSE,FALSE,Bra Duro DOP,NA,NA
https://www.cheese.com/brebirousse-dargental/,sheep,France,NA,Brie,soft,NA,NA,"creamy, smooth",washed,orange,"creamy, sweet","grassy, milky",TRUE,FALSE,NA,NA,NA
https://www.cheese.com/brefu-bach/,sheep,Wales,NA,NA,soft,NA,NA,soft,NA,golden yellow,NA,NA,NA,NA,NA,NA,NA
https://www.cheese.com/vegan-bree/,plant-based,United Kingdom,NA,NA,soft,NA,NA,"creamy, soft-ripened",bloomy,white,"buttery, earthy, mushroomy","earthy, mild",TRUE,TRUE,NA,NA,Honestly Tasty
https://www.cheese.com/bresse-bleu/,cow,France,NA,Blue,"soft, blue-veined",NA,NA,creamy,NA,white,creamy,"milky, mushroom",FALSE,FALSE,Bleu de Bresse,NA,NA
https://www.cheese.com/vegan-brick-lane-bree-cheese/,plant-based,United Kingdom,NA,NA,soft,NA,NA,"buttery, creamy, gooey, soft",mold ripened,cream,"buttery, mild, mushroomy","buttery, mild, mushroom",TRUE,TRUE,NA,NA,La Fauxmagerie
https://www.cheese.com/brick/,cow,United States,Wisconsin,NA,"semi-hard, smear-ripened",NA,NA,"open, smooth",washed,ivory,"mild, nutty, sweet, tangy","pungent, rich",FALSE,FALSE,NA,NA,NA
https://www.cheese.com/brie/,cow,France,NA,Brie,"soft, artisan",NA,NA,"buttery, soft-ripened",bloomy,cream,mild,"buttery, mild",FALSE,FALSE,NA,NA,NA
https://www.cheese.com/brie-au-poivre-brie-with-pepper/,cow,France,NA,Brie,"soft, soft-ripened",NA,NA,creamy,bloomy,NA,"creamy, spicy",spicy,NA,NA,NA,NA,NA
https://www.cheese.com/brie-de-meaux/,cow,France,Ile de France,Brie,"soft, artisan, soft-ripened",NA,NA,"creamy, smooth",bloomy,straw,milky,"buttery, sweet",NA,NA,NA,NA,NA
https://www.cheese.com/brie-de-melun/,cow,France,Ile de France,Brie,"semi-soft, soft-ripened",45%,NA,firm,bloomy,yellow,"salty, sharp, sour, strong","grassy, musty",NA,NA,Brie Noir,NA,NA
https://www.cheese.com/brillat-savarin/,cow,France,Ile de France,NA,"soft, artisan",75%,NA,"creamy, dense",mold ripened,white,"buttery, nutty, sour",milky,FALSE,FALSE,NA,NA,NA
https://www.cheese.com/brightwell-ash/,goat,United Kingdom,South East England,NA,"semi-firm, artisan",NA,NA,smooth,ash coated,pale white,"citrusy, nutty, tangy",mild,TRUE,FALSE,NA,NA,NA
https://www.cheese.com/brin-damour/,sheep,France,NA,NA,"semi-soft, artisan",NA,NA,"creamy, firm",NA,white,"citrusy, mild",herbal,NA,NA,NA,NA,NA
https://www.cheese.com/briquette-de-brebis/,sheep,France,Averyon,NA,soft,NA,NA,creamy,natural,white,nutty,nutty,NA,NA,NA,NA,NA
https://www.cheese.com/vegan-brixton-blue-cheese/,plant-based,United Kingdom,NA,NA,semi-firm,NA,NA,"creamy, semi firm, soft-ripened",mold ripened,blue,"creamy, full-flavored, piquant, tangy, umami","earthy, fermented, pungent, strong",TRUE,TRUE,NA,NA,La Fauxmagerie
https://www.cheese.com/brocciu/,"goat, sheep",France,Corsica,Cottage,"fresh soft, whey",40-50%,NA,"creamy, crumbly, smooth",rindless,white,"milky, sweet",sweet,NA,NA,"Brocciu AOC, Brocciu AOP",NA,NA
https://www.cheese.com/bryndza/,sheep,"Hungary, Poland, Slovakia",NA,NA,"soft, artisan",NA,NA,spreadable,rindless,white,"mild, salty",NA,NA,NA,"Slovensk√° bryndza, Bryndza Podhala≈Ñska, Liptauer, Brinza, brynza","ovƒia bryndza, Slovenska bryndza, Bryndza Podhalanska",NA
https://www.cheese.com/branza-de-burduf/,sheep,Romania,Romanian Carpathians,NA,"soft, artisan",NA,NA,,natural,white,"salty, spicy",woody,FALSE,FALSE,"Brinza (Burduf Brinza), Br√¢nzƒÉ frƒÉm√¢ntatƒÉ",NA,NA
https://www.cheese.com/brousse-du-rove/,"cow, goat, sheep",France,"Bas-Languedoc, Comtat Venaissin",NA,"soft, artisan",NA,NA,creamy,NA,white,"mild, sweet",milky,FALSE,FALSE,NA,NA,NA
https://www.cheese.com/brunost/,"cow, goat","Denmark, Finland, Germany, Iceland, Norway, Sweden",NA,NA,"semi-soft, whey",27 g/100g,360 mg/100g,dense,natural,brown,"caramel, sweet",NA,NA,NA,"mysost, mesost, meesjuusto, mysuostur, myseost, Braunk√§se, geitost, Ekte Geitost, Gudbrandsdalsost",NA,NA
https://www.cheese.com/buchette-de-manon/,goat,France,NA,NA,soft,NA,NA,creamy,natural,cream,mild,clean,FALSE,FALSE,NA,NA,NA
https://www.cheese.com/buche-de-chevre/,goat,France,NA,NA,"soft, soft-ripened",NA,NA,creamy,NA,white,sweet,NA,NA,NA,"B√ªche de ch√®vre, Buche de ch√®vre",NA,NA
https://www.cheese.com/burgos/,"cow, sheep",Spain,Castille-Leon,NA,fresh soft,46-60%,NA,creamy,rindless,white,"mild, milky",fresh,FALSE,FALSE,"Queso de Burgos, Fromage Burgos, Burgos k√§se",NA,NA
https://www.cheese.com/burwash-rose/,cow,"England, Great Britain, United Kingdom","Stonegate, East Sussex",NA,"semi-soft, artisan",NA,NA,"creamy, springy",washed,cream,creamy,"aromatic, floral",TRUE,FALSE,NA,NA,Traditional Cheese Dairy
https://www.cheese.com/butterkase/,cow,"Austria, Germany",NA,NA,semi-soft,50%,NA,"creamy, smooth, spreadable",natural,pale yellow,"buttery, mild",NA,FALSE,FALSE,"butter cheese, Butterk√§se",NA,NA
https://www.cheese.com/burrata/,water buffalo,"Italy, United States",Apulia,Mozzarella,"fresh soft, artisan",NA,NA,"creamy, stringy",leaf wrapped,white,"buttery, milky","fresh, milky",FALSE,FALSE,NA,NA,NA
https://www.cheese.com/caboc/,cow,Scotland,NA,NA,soft,NA,NA,"creamy, smooth",natural,white,"buttery, creamy","buttery, fresh",NA,NA,NA,NA,Highland Fine Cheeses Limited
https://www.cheese.com/cabecou/,goat,France,Midi-Pyrenees,NA,"soft, artisan",NA,NA,"creamy, smooth",leaf wrapped,white,"smooth, tangy",aromatic,FALSE,FALSE,NA,NA,NA
https://www.cheese.com/cabrales/,cow,Spain,NA,Blue,"semi-hard, artisan, blue-veined",NA,NA,"creamy, firm",NA,NA,"acidic, salty, sharp",strong,NA,NA,"Cabrales DOP, Cabrales PDO",Queso de Cabrales,NA
https://www.cheese.com/cabot-clothbound/,cow,United States,Vermont,Cheddar,"hard, artisan",NA,NA,"crumbly, flaky",natural,yellow,"nutty, savory, sweet, tangy",NA,FALSE,FALSE,Cheddar Clothbound,NA,"Cabot Creamery , Jasper Hill Farm"
https://www.cheese.com/cacio-de-roma/,sheep,Italy,NA,NA,"semi-soft, artisan",20%,NA,semi firm,NA,ivory,mild,sweet,FALSE,FALSE,Rustico Red Pepper Pecorino,NA,NA
https://www.cheese.com/cachaille/,goat,France,Puimichel in Provence Alpes,NA,soft,NA,NA,,NA,NA,NA,NA,FALSE,FALSE,"wrestling, fuorte, toupina",NA,NA
https://www.cheese.com/caciocavallo-di-bufala/,water buffalo,Italy,NA,Pasta filata,"semi-hard, artisan",NA,NA,smooth,NA,NA,savory,earthy,NA,NA,NA,NA,NA
https://www.cheese.com/caciocavallo/,cow,Italy,NA,Pasta filata,semi-hard,NA,NA,"elastic, firm",natural,NA,NA,earthy,NA,NA,NA,NA,NA
https://www.cheese.com/caciotta/,"cow, goat, sheep, water buffalo",Italy,NA,NA,"semi-soft, artisan",NA,NA,"compact, firm",NA,NA,mild,NA,NA,NA,NA,NA,NA
https://www.cheese.com/cahills-irish-porter-cheddar/,cow,Ireland,NA,Cheddar,"semi-hard, artisan",NA,NA,firm,NA,brownish yellow,"full-flavored, tangy",rich,NA,NA,Original Irish Porter,NA,Cahills Farm Cheese
https://www.cheese.com/caerphilly/,cow,"United Kingdom, Wales","Wales, London",Cheddar,hard,48%,NA,"crumbly, dense",natural,white,"citrusy, mild, tangy",fresh,NA,NA,"Duckett's Caerphilly, Duckett's Aged Caerphilly",NA,NA
https://www.cheese.com/caciotta-al-tartufo/,"cow, sheep",Italy,"Umbria, Lazio",Caciotta,"semi-soft, artisan",NA,NA,firm,natural,ivory,"spicy, tangy",earthy,NA,NA,NA,Caciotta Al Tartufo with Black Truffles,NA
https://www.cheese.com/cambazola/,cow,Germany,NA,Blue,"soft, soft-ripened",NA,NA,creamy,NA,NA,NA,NA,TRUE,FALSE,NA,NA,NA
https://www.cheese.com/calenzana/,"goat, sheep",France,Upper Corsica,NA,"semi-soft, artisan",NA,NA,creamy,natural,pale yellow,strong,rich,FALSE,FALSE,Calinzanincu,NA,NA
https://www.cheese.com/cambozola-grand-noir/,cow,Germany,Allg√§u,Blue,"semi-soft, blue-veined",NA,NA,creamy,waxed,pale yellow,"sharp, sweet",aromatic,TRUE,FALSE,"Cambozola Black Label, Cambozola Classic, Cambozola Finesse, Cambozola Balance, Cambozola",NA,K√§serei Champignon
https://www.cheese.com/camembert-calvados/,cow,France,NA,NA,"soft, semi-soft",NA,NA,"creamy, smooth, springy",NA,yellow,savory,"aromatic, fruity",NA,NA,NA,NA,NA
https://www.cheese.com/camembert/,cow,France,NA,Camembert,"soft, artisan",NA,NA,"smooth, soft-ripened",NA,pale yellow,sweet,"buttery, rich",NA,NA,"Camembert Le Ch√¢telain, Camembert St Loup, Camembert Le Chatelain",NA,NA
https://www.cheese.com/camembert-de-normandie/,cow,France,Normandy,Camembert,"soft, soft-ripened",NA,NA,creamy,bloomy,pale yellow,creamy,NA,NA,NA,"Camembert de Normandie AOC, Camembert de Normandie PDO",NA,NA
https://www.cheese.com/cana-de-cabra/,goat,Spain,Murcia,NA,"semi-soft, soft-ripened",NA,NA,creamy,bloomy,ivory,"creamy, mild","mild, mushroom",NA,NA,"MitiCana de Cabra, MitiCa√±a¬Æ de Cabra",NA,NA
https://www.cheese.com/canarejal/,sheep,Spain,NA,NA,soft,NA,NA,"gooey, runny, smooth",NA,pale yellow,NA,NA,NA,NA,NA,NA,NA
https://www.cheese.com/canastra-cheese/,cow,Brazil,"Serra da Canastra, Minas Gerais state",NA,artisan,NA,NA,,NA,yellow,spicy,aromatic,NA,NA,Queijo Canastra,NA,NA
https://www.cheese.com/cantal/,cow,France,NA,NA,"semi-hard, artisan",NA,NA,firm,natural,pale yellow,NA,NA,NA,NA,"Cantal jeune, Cantal entre-deux, Cantal vieux",NA,NA
https://www.cheese.com/cancoillotte-cancoyotte/,cow,France,NA,NA,soft,NA,NA,,NA,NA,NA,NA,FALSE,FALSE,Cancoyotte,NA,NA
https://www.cheese.com/canestrato/,"goat, sheep",Italy,Moliterno,NA,"hard, artisan",NA,NA,"dense, flaky",NA,straw,full-flavored,"spicy, strong",NA,NA,"Canestrato di Moliterno, Canestrato di Moliterno IGP",NA,Casa Madaio
https://www.cheese.com/caprice-des-dieux/,cow,France,Illoud (Haute-Marne),NA,"soft, soft-ripened",60%,NA,"creamy, smooth",bloomy,white,"buttery, nutty, smooth",fresh,TRUE,FALSE,NA,NA,Savencia Fromage & Dairy
https://www.cheese.com/capricorn-somerset-goats-cheese/,goat,England,Somerset,NA,"soft, artisan",NA,NA,"creamy, crumbly, firm, smooth",bloomy,white,nutty,NA,TRUE,FALSE,NA,NA,Lactalis McLelland Ltd
https://www.cheese.com/carboncino/,"cow, goat, sheep",Italy,NA,NA,fresh soft,NA,NA,"creamy, gooey, runny, soft",NA,white,NA,NA,NA,NA,NA,NA,NA
https://www.cheese.com/cardo/,goat,"England, Scotland, Wales","Timsbury, Somerset",NA,"semi-soft, artisan",NA,NA,"firm, open, runny",washed,ivory,"floral, pungent, savory",pungent,TRUE,FALSE,NA,NA,NA
https://www.cheese.com/carrick/,cow,Scotland,NA,NA,"hard, organic",NA,NA,creamy,edible,cream,citrusy,earthy,TRUE,FALSE,NA,NA,The Ethical Dairy
https://www.cheese.com/carre-de-lest/,cow,France,NA,NA,soft,NA,NA,smooth,washed,pale yellow,smokey,NA,NA,NA,NA,NA,NA
https://www.cheese.com/castelo-branco/,"goat, sheep",Portugal,"Castelo Branco, Fund√£o and Idanha-a-Nova",NA,"semi-soft, artisan",45%,NA,"brittle, creamy, crumbly, firm, smooth",natural,pale yellow,"sour, spicy, tangy",aromatic,TRUE,FALSE,NA,Queijo de Castelo Branco,NA
https://www.cheese.com/casatica/,water buffalo,Italy,Lombardy,NA,"semi-soft, artisan, soft-ripened",NA,NA,"creamy, soft-ripened",bloomy,white,"creamy, subtle","aromatic, milky, pleasant, rich",FALSE,FALSE,Casatica di Bufala,NA,NA
https://www.cheese.com/castelmagno/,"cow, goat, sheep",Italy,Piedmont,Blue,semi-hard,34.2 g/100g,4768 mg/100g,"crumbly, dense, grainy",washed,ivory,"sharp, spicy, strong",strong,FALSE,FALSE,NA,"Castelmagno PDO, Castelmagno di alpeggio, Castelmagno prodotto della montagna",NA
https://www.cheese.com/cashel-blue/,cow,Ireland,NA,Blue,"semi-soft, blue-veined",NA,NA,creamy,natural,blue,tangy,sweet,TRUE,FALSE,NA,NA,J&L Grubb Ltd.
https://www.cheese.com/castillon-frais/,sheep,France,NA,NA,fresh soft,NA,NA,"creamy, open",rindless,white,"citrusy, creamy, floral, herbaceous","clean, floral, fresh",FALSE,FALSE,Fresh Castillon,NA,David and Fanette Ladu
https://www.cheese.com/casu-marzu/,sheep,"France, Italy","Sardinia (Italy), Southern Corsica (France)",NA,"soft, soft-ripened",NA,NA,soft-ripened,natural,NA,NA,NA,NA,NA,"casu modde, casu cund√≠du, casu fr√†zigu, formaggio marcio, Casu martzu, Casgiu merzu",NA,NA
https://www.cheese.com/catupiry/,cow,Brazil,NA,NA,"soft, processed",NA,NA,"creamy, spreadable",NA,white,"creamy, mild, milky","fresh, milky",FALSE,FALSE,"Catupiry Original, Catupiry Light",NA,NA
https://www.cheese.com/caws-cenarth-black-sheep/,sheep,Wales,NA,NA,semi-hard,NA,NA,buttery,NA,cream,NA,NA,NA,NA,NA,NA,NA
https://www.cheese.com/caws-penhelyg-abaty/,cow,Wales,NA,NA,soft,NA,NA,gooey,NA,white,NA,NA,NA,NA,NA,NA,NA
https://www.cheese.com/cave-aged-marisa/,sheep,United States,Wisconsin,NA,"semi-hard, artisan",NA,NA,firm,natural,pale yellow,"sweet, tangy",sweet,NA,NA,NA,NA,Carr Valley Cheese Company
https://www.cheese.com/caveman-blue/,cow,United States,Oregon,Blue,"semi-hard, blue-veined",NA,NA,"creamy, dense",natural,pale yellow,"buttery, mushroomy",fresh,TRUE,FALSE,NA,NA,Rogue Creamery
https://www.cheese.com/celtic-promise/,cow,United Kingdom,Ceredigion,NA,"semi-soft, artisan",NA,NA,creamy,washed,yellow,full-flavored,pungent,TRUE,FALSE,NA,NA,Teifi Farmhouse Cheese
https://www.cheese.com/cendre-dolivet/,cow,France,Centre-Val de Loire,NA,"soft, artisan",45%,NA,"smooth, supple",natural,ivory,"mild, smooth","earthy, pungent",FALSE,FALSE,NA,Olivet Cendre,NA
https://www.cheese.com/chabichou-du-poitou/,goat,France,NA,NA,"semi-soft, artisan",NA,NA,creamy,NA,white,"salty, sweet, tangy",goaty,NA,NA,"Chabichou du Poitou AOP, Chabichou du Poitou AOC",NA,NA
https://www.cheese.com/chaource/,cow,France,NA,NA,"soft, soft-ripened",NA,NA,"creamy, runny",NA,cream,creamy,NA,NA,NA,NA,NA,NA
https://www.cheese.com/charolais/,goat,France,Bourgogne,NA,semi-soft,NA,NA,firm,NA,NA,"acidic, salty, sweet",subtle,FALSE,FALSE,Charoles,NA,NA
https://www.cheese.com/chaumes/,cow,France,St Antoine,NA,"soft, semi-soft, soft-ripened",50%,NA,"creamy, smooth, springy, supple",washed,pale yellow,"full-flavored, nutty","aromatic, strong",FALSE,FALSE,NA,Chaumes la Cr√®me,NA
https://www.cheese.com/chavroux/,goat,France,NA,NA,soft,12%,NA,"creamy, spreadable",NA,white,"creamy, mild","fresh, goaty",NA,NA,NA,NA,NA
https://www.cheese.com/cheddar-with-irish-porter/,cow,Ireland,Kilmallock County Limerick,Cheddar,"semi-hard, artisan",NA,NA,smooth,NA,pale yellow,"fruity, tangy","pungent, rich",NA,NA,Irish Porter,NA,NA
https://www.cheese.com/cheddar/,cow,England,NA,Cheddar,hard,NA,NA,compact,NA,pale yellow,"creamy, sharp",NA,NA,NA,NA,NA,NA
https://www.cheese.com/cheshire/,cow,United Kingdom,NA,NA,hard,NA,NA,"crumbly, dense",cloth wrapped,orange,earthy,"grassy, spicy",NA,NA,Appleby's Cheshire,NA,Appleby's
https://www.cheese.com/chhurpi/,"cow, yak","China, Nepal, Tibet",NA,Cottage,"soft, hard, artisan",NA,NA,dense,natural,pale yellow,tangy,NA,NA,NA,"Durkha, Chhur singba, Sherkam, Chhur mingba",Churpi,NA
https://www.cheese.com/cheese-curds/,,"Canada, India, United States",NA,Cheddar,fresh firm,NA,NA,"firm, springy",natural,white,"mild, milky",fresh,NA,NA,"Squeaky Cheese, cheeseballs, paneer, Boivin Cheddar Curds",NA,NA
https://www.cheese.com/chocolate-lab/,cow,United States,Fairview,NA,"hard, artisan",NA,NA,firm,washed,pale yellow,"pungent, sharp, sweet",rich,NA,NA,NA,NA,Looking Glass Creamery
https://www.cheese.com/chevre/,goat,France,NA,NA,NA,NA,NA,,NA,white,tangy,goaty,NA,NA,"Goat cheese, Chevre, Ch√®vre",NA,NA
https://www.cheese.com/clava-brie/,cow,Scotland,NA,NA,soft,NA,NA,"buttery, creamy, soft",bloomy,straw,"mushroomy, pungent, rustic, vegetal","garlicky, herbal, mushroom, pungent",TRUE,FALSE,NA,NA,Connage Highland Dairy
https://www.cheese.com/coalho/,cow,Brazil,Northeastern Brazil,NA,semi-hard,NA,NA,"elastic, firm, springy",natural,yellow,"acidic, salty",fresh,FALSE,FALSE,"Queijo coalho, Queijo de coalho , Rennet Cheese",NA,NA
https://www.cheese.com/coastal-cheddar/,cow,England,Dorset,Cheddar,firm,NA,NA,,rindless,pale yellow,"crunchy, sweet",nutty,NA,NA,NA,NA,Ford Farm
https://www.cheese.com/colony-cheese/,,Brazil,Rio Grande do Sul,NA,"semi-hard, artisan",NA,NA,"creamy, open, soft, supple",natural,pale yellow,"creamy, pungent, spicy","lactic, pungent, spicy",NA,NA,"queijo de col√¥nia, Queijo col√¥nia, queijo colonial",NA,NA
https://www.cheese.com/colby/,cow,United States,"Colby, Wisconsin",Cheddar,semi-hard,NA,NA,"firm, open, springy",rindless,yellow,sweet,"mild, sweet",FALSE,FALSE,NA,Colby Swiss Cheddar,NA
https://www.cheese.com/colby-jack/,,United States,NA,Monterey Jack,"semi-soft, processed",NA,NA,smooth,rindless,NA,"creamy, sweet, tangy",NA,NA,NA,"Marble jack, Cojack, Co-jack, Colby Jack",NA,NA
https://www.cheese.com/colston-bassett-stilton/,cow,"England, Great Britain, United Kingdom",East Midlands,Blue,"semi-hard, artisan",33%,NA,"buttery, creamy",natural,cream,"buttery, fruity",NA,FALSE,FALSE,NA,NA,Colston Bassett Dairy Limited
https://www.cheese.com/comte-12-months/,cow,France,NA,NA,semi-hard,NA,NA,buttery,washed,yellow,milky,nutty,FALSE,FALSE,Comt√© Grande R√©serve 12-18 months,NA,JuraFlore
https://www.cheese.com/colorouge/,cow,United States,Colorado,NA,"soft, artisan, smear-ripened",12%,NA,"creamy, soft",washed,white,"acidic, buttery, creamy, earthy","buttery, earthy, mild, spicy",NA,NA,MouCo ColoRouge,NA,MouCo Cheese Company
https://www.cheese.com/comte-18-months/,cow,France,NA,NA,hard,NA,NA,firm,natural,yellow,fruity,nutty,FALSE,FALSE,Comt√© Grande R√©serve 18-24 months,NA,JuraFlore
https://www.cheese.com/comte/,cow,France,NA,NA,"semi-hard, artisan",NA,NA,"dense, firm",natural,pale yellow,NA,NA,NA,NA,NA,NA,NA
https://www.cheese.com/condio/,cow,Italy,"Piave Valley, Italy",NA,"semi-soft, artisan",NA,NA,"creamy, smooth, soft",natural,ivory,"herbaceous, piquant, spicy","pungent, spicy",FALSE,FALSE,NA,NA,NA
https://www.cheese.com/coolea/,cow,Ireland,NA,Gouda,hard,NA,NA,firm,NA,NA,sweet,NA,TRUE,FALSE,NA,NA,Coolea Farmhouse Cheese Limited
https://www.cheese.com/cornish-brie/,cow,"England, Great Britain, United Kingdom",Cornwall,Brie,"soft, artisan, soft-ripened",NA,NA,"creamy, soft-ripened",bloomy,yellow,"creamy, mild",NA,NA,NA,NA,NA,"Cornish Cheese Company Ltd, Cornish Country Larder ltd."
https://www.cheese.com/cornish-blue/,cow,England,Cornwall,Blue,"semi-soft, artisan",NA,NA,"buttery, dense",NA,NA,"creamy, mild, sweet","buttery, mild, sweet",TRUE,FALSE,NA,NA,Cornish Cheese Company Ltd
https://www.cheese.com/cornish-kern/,,,Cornwall,Cornish,NA,NA,NA,,washed,NA,NA,NA,TRUE,FALSE,NA,NA,Lynher Dairies
https://www.cheese.com/cornish-yarg/,cow,England,NA,Cornish,"hard, artisan",NA,NA,"creamy, crumbly",leaf wrapped,NA,mushroomy,fresh,TRUE,FALSE,NA,NA,Lynher Dairies
https://www.cheese.com/cornish-wild-garlic-yarg/,cow,England,NA,NA,"semi-firm, artisan",NA,NA,crumbly,leaf wrapped,pale yellow,garlicky,"garlicky, herbal",TRUE,FALSE,Cornish Garlic Yarg,NA,Lynher Dairies
https://www.cheese.com/corra-linn/,sheep,Scotland,NA,NA,firm,NA,NA,crumbly,cloth wrapped,ivory,caramel,buttery,NA,NA,NA,NA,Errington Cheese Ltd.
https://www.cheese.com/cote-hill-blue/,cow,"England, United Kingdom",Lincolnshire,Blue,"soft, artisan, blue-veined",NA,NA,creamy,natural,cream,"buttery, salty, sharp, smokey , smooth","smokey, strong",TRUE,FALSE,NA,NA,Cote Hill Farm
https://www.cheese.com/cotija/,cow,Mexico,NA,NA,"hard, artisan",NA,NA,"crumbly, dense",rindless,white,"salty, strong",NA,NA,NA,"Queso Cincho, Queso Seco",NA,NA
https://www.cheese.com/cottage-cheese-australian/,cow,Australia,NA,Cottage,fresh soft,NA,NA,"crumbly, firm, grainy",rindless,white,"mild, sweet","lactic, milky",TRUE,FALSE,NA,NA,NA
https://www.cheese.com/cotswold/,cow,"England, United Kingdom",Gloucestershire County,NA,semi-firm,NA,NA,"creamy, smooth",natural,NA,"sweet, tangy",NA,FALSE,FALSE,"Double Gloucester with Chives, Double Gloucester with Onion and Chives, English Cotswold",NA,NA
https://www.cheese.com/cotherstone/,cow,"England, United Kingdom",Cotherstone,NA,"semi-hard, artisan",45%,NA,"crumbly, open",waxed,pale yellow,"acidic, citrusy, tangy",fresh,NA,NA,NA,NA,NA
https://www.cheese.com/cougar-gold/,cow,United States,"Pullman, Washington",Cheddar,semi-soft,14%,NA,"creamy, crumbly, crystalline, firm, smooth",rindless,white,"nutty, sharp",NA,FALSE,FALSE,NA,NA,WSU Creamery
https://www.cheese.com/coulommiers/,cow,France,NA,Brie,"soft, artisan",NA,NA,creamy,bloomy,NA,"buttery, nutty",NA,NA,NA,NA,NA,NA
https://www.cheese.com/cottage-cheese/,cow,"United Kingdom, United States",NA,Cottage,"soft, artisan, processed",NA,NA,"creamy, crumbly",rindless,white,sweet,NA,TRUE,FALSE,NA,NA,NA
https://www.cheese.com/cows-milk-gouda/,cow,United States,Maine,Gouda,"semi-hard, artisan",NA,NA,"compact, creamy, crumbly, dense",natural,NA,"caramel, nutty",NA,NA,NA,NA,NA,Fuzzy Udder Creamery
https://www.cheese.com/coverdale/,cow,"England, United Kingdom",North Yorkshire,NA,"hard, artisan",NA,NA,"creamy, firm, open",natural,white,"buttery, lemony, mild, sharp",NA,TRUE,FALSE,NA,NA,Wensleydale Creamery
https://www.cheese.com/coupole/,goat,United States,Vermont,NA,"soft, artisan",NA,NA,"buttery, creamy, dense, fluffy",mold ripened,pale yellow,"mild, milky","fresh, mild, milky",TRUE,FALSE,NA,NA,Vermont Creamery
https://www.cheese.com/cravero-parmigiano-reggiano/,cow,Italy,Modena,Parmesan,"hard, artisan",NA,NA,dense,natural,golden yellow,"bitter, creamy, nutty, savory, smooth, sweet","aromatic, fruity",FALSE,FALSE,"San Pietro, Baruffi",NA,G. Cravero Sas
https://www.cheese.com/cream-havarti/,cow,Denmark,NA,Havarti,"semi-soft, processed",45%,NA,smooth,rindless,pale yellow,"buttery, creamy, sweet",sweet,NA,NA,"Havarathi, Fl√∏deis Havarti, Smoked Havarti",Flodeis Havarti,NA
https://www.cheese.com/creamy-gouda/,cow,Netherlands,NA,NA,semi-soft,NA,NA,creamy,natural,cream,creamy,aromatic,NA,NA,Extra Belegen Gouda,NA,dutchcheeseman uk
https://www.cheese.com/creamy-lancashire/,cow,England,NA,NA,NA,NA,NA,fluffy,NA,pale yellow,creamy,NA,NA,NA,NA,NA,NA
https://www.cheese.com/crema-agria/,cow,Mexico and Caribbean,NA,NA,fresh soft,NA,NA,"creamy, spreadable",rindless,white,"acidic, sour, tangy","aromatic, fresh",FALSE,FALSE,"Crema Centroamericana, Crema Agria",NA,Cacique Inc.
https://www.cheese.com/cream-cheese/,cow,United States,NA,NA,"fresh soft, processed",NA,NA,"creamy, spreadable",rindless,white,"creamy, mild, sweet","fresh, pleasant",TRUE,FALSE,fruit cream,Fruit cream cheese,NA
https://www.cheese.com/criollo-cheese/,cow,Mexico,Taxco,NA,semi-firm,NA,NA,smooth,NA,pale yellow,"savory, sharp",strong,FALSE,FALSE,Criolla,NA,NA
https://www.cheese.com/crescenza/,cow,Italy,NA,Italian Cheese,fresh soft,NA,NA,"buttery, creamy, spreadable",rindless,white,"creamy, mild, sweet","pleasant, rich",NA,NA,Stracchino,NA,NA
https://www.cheese.com/crotonese/,sheep,Italy,Crotone,NA,"semi-hard, artisan",NA,NA,compact,natural,pale yellow,"salty, savory, strong",spicy,FALSE,FALSE,Pecorino Crotonese,NA,NA
https://www.cheese.com/crottin-de-champcol/,goat,France,NA,NA,soft,NA,NA,"crumbly, dense",NA,white,full-flavored,strong,NA,NA,NA,NA,NA
https://www.cheese.com/crottin-de-chavignol/,goat,France,NA,NA,"firm, soft-ripened",NA,NA,crumbly,natural,white,full-flavored,strong,NA,NA,"Crottin Du Chavignol, Crottin",NA,NA
https://www.cheese.com/crumbly-lancashire/,cow,England,NA,NA,hard,NA,NA,crumbly,NA,pale yellow,acidic,NA,NA,NA,NA,NA,NA
https://www.cheese.com/cuajada/,"cow, sheep",Spain,NA,NA,soft,NA,NA,"creamy, smooth",NA,NA,NA,NA,FALSE,FALSE,NA,NA,NA
https://www.cheese.com/cure-nantais/,cow,France,Anjou,NA,"soft, artisan",40%,NA,"open, sticky, supple",NA,straw,"smokey , spicy",NA,FALSE,FALSE,Nantais,NA,Various
https://www.cheese.com/lamuse-brabander-goat-gouda/,cow,Netherlands,Northern Holland,Gouda,hard,NA,NA,smooth,waxed,brownish yellow,"caramel, salty","buttery, nutty",NA,NA,NA,NA,Essex St. Cheese Co.
https://www.cheese.com/lamuse-signature-gouda/,cow,Netherlands,NA,NA,"hard, artisan",NA,NA,"crumbly, crystalline, smooth",waxed,orange,"burnt caramel, caramel, full-flavored, salty",nutty,NA,NA,NA,NA,Essex St. Cheese Co.
https://www.cheese.com/laffine-au-chablis/,cow,France,NA,NA,"soft, semi-soft",NA,NA,"creamy, soft",washed,pale yellow,NA,"floral, fruity",NA,NA,NA,NA,NA
https://www.cheese.com/letivaz/,cow,Switzerland,NA,NA,hard,NA,NA,buttery,NA,pale yellow,NA,smokey,NA,NA,"L‚ÄôEtivaz AOP, LEtivaz",NA,NA
https://www.cheese.com/la-peral/,cow,Spain,NA,Blue,"semi-soft, blue-veined",NA,NA,"creamy, firm, grainy",NA,pale yellow,"spicy, sweet","buttery, rich",FALSE,FALSE,La Peral Blue,NA,NA
https://www.cheese.com/la-retorta/,sheep,Spain,NA,NA,"soft, semi-soft",NA,NA,"creamy, runny",NA,pale yellow,creamy,NA,NA,NA,NA,NA,NA
https://www.cheese.com/la-serena/,sheep,Spain,Extremadura,NA,soft,50%,NA,"creamy, spreadable",washed,straw,"bitter, full-flavored, sharp, strong","pleasant, strong",TRUE,FALSE,NA,"Torta La Serena, Queso de la Serena, Torta de la Serena",NA
https://www.cheese.com/labneh/,cow,Middle East,NA,NA,soft,NA,NA,creamy,rindless,white,"creamy, milky, sour","fresh, mild",NA,NA,"labaneh, chakka, lebnah, suzma",labne,NA
https://www.cheese.com/la-vache-qui-rit/,cow,France,NA,Swiss Cheese,"semi-soft, processed",NA,NA,"creamy, smooth, spreadable",rindless,pale yellow,"buttery, mild",fresh,NA,NA,Laughing Cow Cheese,NA,BEL Group
https://www.cheese.com/laganory/,cow,Scotland,NA,NA,firm,NA,NA,"brittle, compact, dry, grainy",natural,pale yellow,"nutty, salty, subtle","earthy, grassy, raw nut, subtle",TRUE,FALSE,NA,NA,The Ethical Dairy
https://www.cheese.com/laguiole/,cow,France,"Aveyron, Laguiole",NA,"semi-hard, artisan",NA,NA,"creamy, firm, supple",natural,straw,"sharp, sour, tangy",aromatic,FALSE,FALSE,NA,Tome de Laguiole,NA
https://www.cheese.com/lacy-swiss/,cow,United States,NA,Swiss Cheese,"semi-firm, processed",NA,NA,"creamy, open, supple",NA,ivory,"mild, nutty",mild,NA,NA,NA,Lacey Swiss,NA
https://www.cheese.com/lanark-blue/,sheep,Scotland,NA,NA,"semi-soft, artisan, blue-veined",NA,NA,"brittle, grainy",NA,NA,NA,NA,TRUE,FALSE,NA,NA,Errington Cheese Ltd.
https://www.cheese.com/lanark-white/,sheep,Scotland,NA,NA,hard,NA,NA,"buttery, crumbly, flaky",natural,pale white,"grassy, milky, nutty, salty","grassy, milky, musty",TRUE,FALSE,NA,NA,Errington Cheese Ltd.
https://www.cheese.com/lancashire-smoked/,cow,England,NA,NA,hard,NA,NA,"buttery, crumbly",natural,red,"acidic, nutty, smokey , tangy, woody","buttery, fresh, grassy, smokey",FALSE,FALSE,NA,NA,Mrs. Kirkham's
https://www.cheese.com/langres/,cow,France,NA,NA,semi-soft,NA,NA,"crumbly, firm",washed,orange,NA,strong,NA,NA,NA,NA,NA
https://www.cheese.com/laruns/,sheep,France,Laruns,NA,"soft, artisan",NA,NA,"brittle, firm, supple",natural,straw,"acidic, mild, nutty, salty, sweet",mild,FALSE,FALSE,NA,NA,NA
https://www.cheese.com/le-cendrillon/,goat,Canada,Quebec,NA,soft,25%,NA,"creamy, smooth",ash coated,ivory,"acidic, pronounced, sour",goaty,NA,NA,NA,NA,La Maison Alexis de Portneuf Inc.
https://www.cheese.com/le-gruyere-aop/,cow,Switzerland,NA,NA,hard,49-53%,NA,compact,NA,NA,sweet,earthy,FALSE,FALSE,NA,NA,NA
https://www.cheese.com/le-marechal/,cow,Switzerland,NA,NA,hard,NA,NA,"firm, smooth",natural,yellow,"buttery, creamy, floral, herbaceous","buttery, floral, grassy, herbal",FALSE,FALSE,Marechal,NA,Jean-Michel Rapin
https://www.cheese.com/leerdammer/,cow,Netherlands,"Schoonrewoerd, Leerdam",Gouda,semi-hard,NA,NA,"creamy, open, smooth",natural,white,"mild, nutty, sweet",NA,TRUE,FALSE,NA,NA,NA
https://www.cheese.com/leonora/,goat,Spain,Castilla Leon,NA,"semi-soft, artisan",NA,NA,soft-ripened,bloomy,white,"lemony, mushroomy",lactic,FALSE,FALSE,NA,NA,NA
https://www.cheese.com/leyden/,cow,Netherlands,Leiden,Gouda,"semi-hard, artisan",30-40%,NA,firm,NA,yellow,"spicy, tangy",aromatic,FALSE,FALSE,"Leidse Kaas, Cumin cheese, Boeren-Leidse, Boeren-Leidse kaas, Farmers Leiden",NA,NA
https://www.cheese.com/limburger/,cow,"Belgium, Germany, Netherlands",Duchy of Limburg,NA,"semi-soft, smear-ripened",42%,497 mg/100g,"crumbly, firm, smooth",washed,straw,"grassy, mild, mushroomy",stinky,FALSE,FALSE,NA,Limburger Kase,NA
https://www.cheese.com/lincolnshire-poacher/,cow,England,NA,Cheddar,hard,NA,NA,creamy,NA,yellow,"nutty, sweet",earthy,NA,NA,NA,NA,F.W.Read & Sons Ltd
https://www.cheese.com/lingot-des-causses/,goat,France,NA,NA,soft,NA,NA,"creamy, firm",NA,NA,NA,"buttery, clean, fresh",NA,NA,NA,NA,NA
https://www.cheese.com/lindale/,cow,United States,North Carolina,Gouda,"semi-soft, artisan",NA,NA,"creamy, smooth",natural,pale yellow,"buttery, sweet",rich,FALSE,FALSE,NA,NA,Goat Lady Dairy
https://www.cheese.com/livarot/,cow,France,NA,NA,"soft, artisan",NA,NA,creamy,washed,NA,full-flavored,"pungent, strong",FALSE,FALSE,NA,NA,NA
https://www.cheese.com/lord-hundreds/,sheep,United Kingdom,East Sussex,NA,"semi-hard, artisan",NA,NA,"firm, grainy, open",natural,golden yellow,"burnt caramel, nutty, savory, sweet","grassy, sweet",TRUE,FALSE,NA,NA,Traditional Cheese Dairy
https://www.cheese.com/lou-bergier/,cow,Italy,Piemonte,NA,"semi-soft, artisan",NA,NA,"buttery, open, smooth",natural,brown,"creamy, floral, mushroomy","grassy, milky",TRUE,FALSE,Lou Bergier Pichin,NA,NA
https://www.cheese.com/lyburn-lightly-oak-smoked/,cow,"England, Great Britain, United Kingdom",Landford,Gouda,"semi-hard, artisan",NA,NA,smooth,washed,pale yellow,"smokey , smooth, subtle",smokey,TRUE,FALSE,NA,NA,Lyburn Farm
https://www.cheese.com/maasdam/,cow,Netherlands,All Holland,Gouda,semi-hard,45%,NA,"creamy, open, supple",NA,pale yellow,"buttery, nutty, sweet",fruity,FALSE,FALSE,NA,Maasdammer,NA
https://www.cheese.com/macconais/,"cow, goat",France,Bourgogne,Blue,"soft, artisan, soft-ripened",NA,NA,"creamy, firm, smooth",bloomy,cream,"salty, tangy",herbal,FALSE,FALSE,Chevreton de Macon,NA,NA
https://www.cheese.com/majorero/,goat,Spain,Canary Islands,NA,semi-hard,NA,NA,"buttery, creamy",natural,pale white,acidic,"milky, nutty",FALSE,FALSE,"Queso Majorero, Queso Fuerteventura, Majorero PDO, Majorero DOP",NA,NA
https://www.cheese.com/mahon/,cow,Spain,"Menorca, Balearic Islands",NA,"semi-hard, artisan",NA,NA,"crumbly, dense",washed,pale yellow,"buttery, salty","nutty, sweet",FALSE,FALSE,"Mahon Reserva, Aged Mahon, Artesano Mah√≥n, Artisanal Mah√≥n, formatge de Ma√≥, queso de Mah√≥n",NA,NA
https://www.cheese.com/malvarosa/,sheep,Spain,Valencia,NA,"semi-firm, artisan",NA,NA,"firm, smooth",natural,straw,"buttery, sweet","fresh, rich",FALSE,FALSE,Malvarosa,NA,NA
https://www.cheese.com/maida-vale/,cow,England,NA,NA,semi-soft,NA,NA,"buttery, soft, supple",washed,pink and white,"grassy, meaty, nutty, savory, umami, vegetal","barnyardy, earthy, grassy, stinky, yeasty",TRUE,FALSE,NA,NA,Village Maid Cheese
https://www.cheese.com/manchego/,sheep,Spain,NA,NA,hard,NA,NA,"compact, firm",NA,pale yellow,"buttery, nutty",NA,NA,NA,Queso Manchego,NA,NA
https://www.cheese.com/manouri/,"goat, sheep",Greece,"Central and Western Macedonia, Thessalia",Feta,"semi-soft, whey",36-38%,NA,creamy,rindless,white,"mild, milky","clean, nutty, subtle",NA,NA,Manoypi,NA,NA
https://www.cheese.com/marble-cheddar/,cow,United Kingdom,NA,Cheddar,"hard, processed",NA,NA,"firm, smooth",rindless,NA,creamy,rich,NA,NA,NA,NA,NA
https://www.cheese.com/marbled-cheeses/,cow,United Kingdom,NA,NA,"hard, processed",NA,NA,firm,rindless,golden orange,"mild, smooth, sweet, tangy",NA,FALSE,FALSE,NA,"Marble Cheddar, Marbled Cheese",NA
https://www.cheese.com/margotin/,cow,Italy,Piemonte,NA,semi-soft,NA,NA,firm,natural,cream,"bitter, full-flavored",NA,FALSE,FALSE,NA,NA,NA
https://www.cheese.com/maroilles/,cow,France,NA,NA,"soft, artisan",NA,NA,"creamy, smooth",washed,NA,sweet,NA,FALSE,FALSE,NA,Marolles,NA
https://www.cheese.com/mascarpone/,cow,Italy,Lombardy,NA,fresh soft,NA,NA,"buttery, creamy, smooth, spreadable",rindless,white,"buttery, creamy, mild",fresh,NA,NA,Mascarpone Australian,NA,NA
https://www.cheese.com/mature-wensleydale/,cow,"England, United Kingdom",North Yorkshire,NA,"hard, artisan",48%,NA,crumbly,cloth wrapped,pale yellow,strong,"rich, ripe",FALSE,FALSE,NA,Ryp Wensleydale,Wensleydale Creamery
https://www.cheese.com/maytag-blue/,cow,United States,Iowa,Blue,"semi-hard, blue-veined",NA,NA,"crumbly, dense",rindless,cream,"lemony, savory, tangy","pungent, strong",NA,NA,NA,NA,Maytag Dairy Farms
https://www.cheese.com/menonita/,cow,Mexico,NA,Cheddar,semi-soft,NA,NA,firm,natural,pale yellow,"buttery, mild",NA,NA,NA,"Queso Chihuahua, Chihuahua cheese, Queso menonita, Campresino Menonita",NA,NA
https://www.cheese.com/merry-wyfe/,cow,United Kingdom,South West England,NA,semi-hard,NA,NA,"creamy, springy",washed,orange,NA,aromatic,TRUE,FALSE,NA,NA,The Bath Soft Cheese Co.
https://www.cheese.com/midnight-moon/,goat,Holland,NA,Gouda,hard,NA,NA,"creamy, crystalline",NA,ivory,"caramel, sweet",NA,NA,NA,NA,NA,NA
https://www.cheese.com/milbenkase/,cow,Germany,NA,NA,"semi-soft, smear-ripened",NA,NA,firm,NA,NA,tangy,strong,FALSE,FALSE,"Milbenk√§se, Mite Cheese",NA,NA
https://www.cheese.com/milleens/,cow,Ireland,"Beara Peninsula, Co. Cork",NA,"soft, artisan",45-50%,NA,"creamy, smooth",washed,pale yellow,"floral, herbaceous, sweet",aromatic,FALSE,FALSE,NA,NA,Milleens Cheese Ltd.
https://www.cheese.com/milawa-white/,cow,Australia,NA,NA,soft,NA,NA,"creamy, open",NA,NA,sweet,NA,TRUE,FALSE,NA,NA,Milawa Cheese Company
https://www.cheese.com/minas-cheese/,cow,Brazil,Minas Gerais,NA,"semi-soft, artisan",40-50%,NA,"grainy, open, soft, springy",rindless,white,"bitter, mild, salty, strong",NA,FALSE,FALSE,"Queijos de Minas Frescal , Queijo Minas Meia Cura, Queijo Minas Curado, Queijo Padr√£o",Queijo Minas,NA
https://www.cheese.com/minger/,cow,Scotland,NA,NA,soft,NA,NA,"buttery, creamy, runny",washed,orange,"full-flavored, garlicky, meaty, pungent, strong","barnyardy, ripe, stinky, yeasty",TRUE,FALSE,NA,NA,Highland Fine Cheeses Limited
https://www.cheese.com/mimolette-boule-de-lille/,cow,France,NA,NA,semi-hard,NA,NA,firm,natural,orange,"bitter, buttery, sweet",NA,FALSE,FALSE,"vieux Hollande, Boule de Lille",NA,NA
https://www.cheese.com/miticana-de-oveja/,sheep,Spain,Murcia,NA,"semi-soft, soft-ripened",13%,NA,"buttery, crumbly, flaky",bloomy,white,"buttery, tangy",buttery,NA,NA,"Miticana de Oveja, MitiCa√±a de Oveja",NA,NA
https://www.cheese.com/mistralou/,goat,France,NA,NA,soft,NA,NA,creamy,natural,white,creamy,floral,FALSE,FALSE,NA,NA,NA
https://www.cheese.com/mondseer/,cow,Austria,NA,NA,semi-hard,NA,NA,"creamy, smooth",washed,pale yellow,spicy,strong,NA,NA,NA,NA,NA
https://www.cheese.com/mont-dor-lyonnais/,cow,France,NA,NA,"semi-soft, artisan",NA,NA,creamy,natural,NA,NA,"earthy, strong",NA,NA,Vacherin Mont D'or,Mont Dor,NA
https://www.cheese.com/montagnolo/,cow,Germany,NA,Blue,"soft, blue-veined",NA,NA,"creamy, smooth",natural,NA,creamy,"buttery, rich",NA,NA,Montagnolo Affine,NA,K√§serei Champignon
https://www.cheese.com/monastery-cheeses/,cow,"Belgium, Canada, France, Switzerland, United States",NA,NA,"soft, semi-soft, brined",NA,NA,"chalky, creamy, firm, grainy",washed,golden yellow,"mild, pungent","pungent, strong",FALSE,FALSE,"monastery, trappist cheese, monk cheese",NA,NA
https://www.cheese.com/montasio/,cow,Italy,Friuli Venezia Giulia and Veneto,NA,semi-firm,NA,NA,creamy,NA,NA,"mild, smooth","aromatic, pleasant",FALSE,FALSE,"Montasio Mitica¬Æ DOP, Montasio Mitica DOP",NA,NA
https://www.cheese.com/monte-enebro/,goat,Spain,Avila,NA,semi-soft,NA,NA,smooth,NA,NA,"creamy, lemony","goaty, strong",FALSE,FALSE,"pata de mulo, mule‚Äôs-hoof cheese",NA,NA
https://www.cheese.com/montgomerys-cheddar/,cow,United Kingdom,NA,Cheddar,"hard, artisan",NA,NA,,natural,yellow,NA,rich,FALSE,FALSE,NA,NA,NA
https://www.cheese.com/monterey-jack/,cow,"Mexico, United States","Monterey, California",Monterey Jack,semi-hard,NA,NA,"compact, creamy, firm, open, supple",NA,pale yellow,"buttery, mild",aromatic,NA,NA,Fresh Jack,NA,NA
https://www.cheese.com/morbier/,cow,France,NA,NA,"semi-soft, artisan",NA,NA,creamy,NA,ivory,citrusy,"fruity, grassy",FALSE,FALSE,"Morbier Cru de Montagne, Morbier AOP",NA,NA
https://www.cheese.com/moringhello/,water buffalo,Italy,Lombardy,NA,"semi-soft, artisan",NA,NA,"chalky, crumbly",natural,white,smooth,"pleasant, subtle",FALSE,FALSE,Moringhello di Bufala,NA,Quattro Portoni
https://www.cheese.com/morlacco/,cow,Italy,Veneto,NA,"soft, artisan",NA,NA,soft,natural,white,NA,fresh,NA,NA,"Morlacco del Grappa, Morlacco del Montegrappa, Morlacco del Grappa di malga",NA,NA
https://www.cheese.com/mothais-a-la-feuille/,goat,France,NA,NA,"soft, artisan",NA,NA,"creamy, soft",NA,NA,"lemony, woody",mushroom,FALSE,FALSE,"Le Mothais sur Feuille, Mothais",NA,NA
https://www.cheese.com/moses-sleeper/,cow,United States,Vermont,Brie,"semi-soft, artisan",NA,NA,"soft, soft-ripened",bloomy,white,"buttery, creamy, nutty","milky, mushroom",NA,NA,NA,NA,Jasper Hill Farm
https://www.cheese.com/mouse-house-chilli-cheddar/,cow,England,NA,NA,semi-hard,NA,NA,creamy,waxed,golden orange,spicy,spicy,TRUE,FALSE,NA,NA,Lymn Bank Farm
https://www.cheese.com/mouco-camembert/,cow,United States,Colorado,Camembert,"soft, artisan",NA,NA,"creamy, soft",bloomy,ivory,"creamy, milky","caramel, clean, grassy",NA,NA,NA,NA,MouCo Cheese Company
https://www.cheese.com/mouse-house-garlic-chive-cheddar/,cow,England,NA,NA,semi-hard,NA,NA,creamy,waxed,green,garlicky,garlicky,TRUE,FALSE,NA,NA,Lymn Bank Farm
https://www.cheese.com/mouse-house-smoked-cheddar/,cow,England,NA,NA,semi-hard,NA,NA,creamy,waxed,golden yellow,smokey,smokey,TRUE,FALSE,NA,NA,Lymn Bank Farm
https://www.cheese.com/truffello/,cow,United States,Colorado,NA,"soft, artisan, soft-ripened",12%,NA,"creamy, soft",washed,white,"buttery, creamy, earthy","earthy, fruity",NA,NA,Truffello,NA,MouCo Cheese Company
https://www.cheese.com/mozzarella/,"cow, goat, sheep, water buffalo",Italy,NA,NA,"semi-soft, brined",NA,NA,"elastic, stringy",rindless,white,"mild, sweet","fresh, milky",NA,NA,mozerrela,NA,NA
https://www.cheese.com/mozzarella-australian/,"cow, water buffalo",Australia,NA,Pasta filata,"semi-soft, brined",45%,NA,"springy, stringy, supple",rindless,white,milky,"fresh, milky",TRUE,FALSE,NA,Australian Mozzarella,NA
https://www.cheese.com/mozzarella-di-bufala/,water buffalo,Italy,"Campania, Paestum, Foggia",Pasta filata,"soft, brined",21%,NA,"creamy, smooth, springy",NA,white,"floral, mild, milky, sour",fresh,FALSE,FALSE,"Buffalo mozzarella, Mozzarella di Bufala Campana",NA,Casa Madaio
https://www.cheese.com/mt-tam/,cow,United States,California,NA,soft,NA,NA,"creamy, firm",bloomy,pale yellow,"buttery, earthy","grassy, mushroom, rich",TRUE,FALSE,NA,NA,Cowgirl Creamery
https://www.cheese.com/muffato/,cow,Italy,"Treviso, Veneto",Blue,"semi-firm, artisan",NA,NA,flaky,NA,ivory,"full-flavored, grassy, herbaceous",herbal,NA,NA,NA,NA,Moro Latteria di Moro Sergio
https://www.cheese.com/munster/,cow,France,NA,NA,soft,NA,NA,smooth,washed,NA,"savory, spicy, sweet",NA,NA,NA,"Munster-g√©rom√©, Minschterkaas",Munster gerome,NA
https://www.cheese.com/myzithra/,"goat, sheep",Greece,NA,Cottage,"soft, whey",NA,NA,"creamy, crumbly, spreadable",NA,white,mild,NA,NA,NA,"Xinomizythra, Sour Mizythra, Mizythra, Fresh Mizythra, Mizithra, Dry Mizythra",NA,NA
https://www.cheese.com/muenster/,cow,United States,NA,NA,"soft, processed",NA,NA,smooth,NA,pale yellow,mild,"pungent, strong",NA,NA,NA,American Muenster,NA
https://www.cheese.com/murol/,cow,France,NA,NA,"semi-soft, artisan",45%,NA,"creamy, firm, springy",washed,ivory,"mild, milky, savory, sweet",aromatic,FALSE,FALSE,NA,"murolait, trou de murol",La Fromagerie du Grand Murols
https://www.cheese.com/paesanella-bocconcin/,cow,Australia,NA,Mozzarella,semi-soft,NA,NA,elastic,rindless,white,"creamy, salty, sweet","milky, sweet",TRUE,FALSE,NA,NA,Paesanella Cheese Manufacturers
https://www.cheese.com/ptit-basque/,sheep,France,"Basque, Pyrenees Mountains",NA,"semi-hard, artisan",45%,NA,"creamy, dry, smooth",natural,ivory,"earthy, mild, nutty, pungent, subtle, sweet","fresh, lactic, pleasant",NA,NA,NA,Petit Basque,NA
https://www.cheese.com/paesanella-buffalo-mozzarella/,"buffalo, cow",Australia,New South Wales,Mozzarella,NA,25.8 g/100g,NA,,rindless,white,NA,NA,TRUE,FALSE,Bufala Mozzarella,NA,Paesanella Cheese Manufacturers
https://www.cheese.com/paesanella-burrata/,cow,Australia,NA,Mozzarella,"fresh soft, artisan",25.4 g/100g,NA,"creamy, soft",NA,white,"buttery, milky, smooth","fresh, milky, rich, sweet",NA,NA,NA,NA,Paesanella Cheese Manufacturers
https://www.cheese.com/paesanella-cherry-bocconcin/,cow,Australia,NA,Mozzarella,semi-soft,NA,NA,elastic,rindless,white,"creamy, salty, sweet","milky, sweet",TRUE,FALSE,Cherry Bocconcini,NA,Paesanella Cheese Manufacturers
https://www.cheese.com/paneer/,"cow, water buffalo","Bangladesh, India",NA,Cottage,fresh firm,20.8 g/100g,208 mg/100g,"crumbly, firm",rindless,white,milky,"fresh, milky",TRUE,FALSE,"Chhena, Chhana",NA,NA
https://www.cheese.com/panela/,cow,Mexico,NA,Cottage,"fresh firm, artisan",NA,NA,"creamy, crumbly",NA,white,NA,"fresh, mild",NA,NA,Queso Panela,NA,NA
https://www.cheese.com/pant-ys-gawn/,goat,Wales,NA,NA,fresh soft,NA,NA,creamy,rindless,white,"lemony, salty",NA,NA,NA,"Pant-Ys-Gawn, Pant-Ysgawn",NA,Abergavenny Fine Foods
https://www.cheese.com/parrano/,cow,Netherlands,Het Groene Hart,Gouda,"hard, artisan",NA,NA,"creamy, firm, open, smooth",plastic,pale yellow,"buttery, creamy, nutty, savory, sweet",NA,NA,NA,"Parrano Originale, Parrano Robusto, Parrano Olifesta",NA,Uniekaas Nederland B.V.
https://www.cheese.com/parmesan/,cow,Italy,NA,Parmesan,"hard, artisan",NA,NA,"dense, grainy",natural,straw,"salty, savory","nutty, strong",FALSE,FALSE,"Parmigiano Reggiano, Parmesan Regiano, Parmesan Reggiano, Parmesan Parmigiano",NA,NA
https://www.cheese.com/pave-daffinois/,cow,France,NA,NA,"fresh soft, soft-ripened",60%,NA,"creamy, smooth",bloomy,ivory,"grassy, mild, milky, sweet","fresh, milky, pleasant",TRUE,FALSE,Fromager D'Affinois,Pave Affinois,Fromagerie GUILLOTEAU
https://www.cheese.com/paski-sir/,sheep,Croatia,Island of Pag,NA,"hard, artisan",NA,NA,"crumbly, flaky, grainy",natural,yellow,"salty, savory, tangy",pleasant,NA,NA,"Pag Cheese, Pag Island Cheese",Paski Sir,NA
https://www.cheese.com/pecorino/,sheep,Italy,NA,Pecorino,hard,NA,NA,creamy,NA,pale yellow,NA,NA,FALSE,FALSE,NA,NA,NA
https://www.cheese.com/pecorino-al-tartufo/,sheep,Italy,NA,Pecorino,"hard, artisan",NA,NA,firm,NA,cream,"sharp, spicy","grassy, nutty",NA,NA,Truffle Pecorino,NA,NA
https://www.cheese.com/pecorino-all-canapa/,sheep,Italy,Emilia Romagna,Pecorino,"semi-soft, artisan",NA,NA,smooth,leaf wrapped,white,"herbaceous, smooth","aromatic, herbal",NA,NA,Pecorino Canapa,NA,NA
https://www.cheese.com/pecorino-camomilla/,sheep,Italy,Emilia-Romagna,Pecorino,"semi-soft, artisan",NA,NA,"creamy, smooth, soft",natural,white,"creamy, smooth","aromatic, floral",NA,NA,NA,NA,NA
https://www.cheese.com/pecorino-ginepro/,sheep,Italy,Emilia-Romagna,Pecorino,"semi-hard, artisan",NA,NA,"chalky, grainy",natural,pale white,"fruity, savory","fruity, woody",NA,NA,NA,NA,NA
https://www.cheese.com/pecorino-in-walnut-leaves/,sheep,Italy,Emilia-Romagna,Pecorino,"hard, artisan",40%,NA,"dense, firm",leaf wrapped,white,"buttery, herbaceous, nutty, sweet","earthy, herbal",FALSE,FALSE,"Pecorino Foglie De Noce, Pecorino Aged in Walnut Leaves",Walnut tree leaf Pecorino cheese,NA
https://www.cheese.com/pecorino-pepato/,sheep,Italy,Sardegna,NA,"semi-firm, artisan",NA,NA,"creamy, flaky",natural,ivory,"spicy, tangy",spicy,NA,NA,"Pepato, Pecorino Pepato Mitica¬Æ Aged",NA,NA
https://www.cheese.com/toscanello/,sheep,Italy,Tuscany,Pecorino,semi-hard,NA,NA,"creamy, smooth",NA,pale yellow,mild,nutty,FALSE,FALSE,"Pecorino Toscano, Pecorino Toscano DOP, Tuscan Pecorino, Pecorino Toscanello",NA,NA
https://www.cheese.com/pecorino-romano/,sheep,Italy,"Lazio, Sardinia",Pecorino,hard,NA,NA,"crumbly, grainy",natural,pale yellow,"salty, sharp",strong,FALSE,FALSE,Pecorino Romano PDO,NA,NA
https://www.cheese.com/pelardon-des-cevennes/,goat,France,Languedoc,Tomme,"soft, soft-ripened",NA,NA,creamy,natural,white,"acidic, fruity",goaty,FALSE,FALSE,NA,NA,NA
https://www.cheese.com/pepato/,sheep,Italy,NA,NA,"semi-hard, artisan",NA,NA,"creamy, flaky",natural,straw,"salty, spicy",spicy,NA,NA,Pecorino Pepato,NA,NA
https://www.cheese.com/perl-las-blue/,cow,United Kingdom,NA,NA,semi-soft,NA,NA,creamy,NA,golden yellow,"creamy, salty",NA,NA,NA,NA,NA,NA
https://www.cheese.com/perl-wen/,cow,"United Kingdom, Wales",NA,NA,semi-soft,NA,NA,"creamy, smooth, soft",NA,white,citrusy,NA,NA,NA,NA,NA,NA
https://www.cheese.com/perroche/,goat,United Kingdom,"Herefordshire, West Midlands",NA,"fresh soft, artisan",NA,NA,,NA,white,"lemony, mild","aromatic, fresh, herbal",TRUE,FALSE,NA,NA,Neal's Yard Creamery
https://www.cheese.com/pepbert/,cow,United States,Colorado,Camembert,"soft, artisan",NA,NA,soft-ripened,NA,ivory,"creamy, spicy","buttery, strong",NA,NA,MouCo PepBert,NA,MouCo Cheese Company
https://www.cheese.com/pepper-jack/,cow,United States,"Monterey, California",Monterey Jack,semi-soft,NA,NA,"creamy, smooth",natural,cream,"herbaceous, spicy","aromatic, herbal",NA,NA,NA,NA,NA
https://www.cheese.com/petit-blaja/,goat,France,NA,NA,soft,NA,NA,soft,NA,golden yellow,NA,NA,NA,NA,NA,NA,NA
https://www.cheese.com/piave-mezzano/,cow,,Veneto,Parmesan,"hard, artisan",NA,NA,"dense, firm",natural,pale yellow,"full-flavored, salty, sharp, strong","milky, pleasant",NA,NA,NA,NA,NA
https://www.cheese.com/petit-suisse/,cow,France,"Normandy, Auvilliers",NA,fresh soft,40%,NA,"creamy, smooth",rindless,white,"mild, sweet",fresh,NA,NA,NA,"double Suisse, double Petit-Suisse, Suisse double",Danone
https://www.cheese.com/piave/,cow,Italy,Veneto,NA,"hard, artisan",NA,NA,"crystalline, dense, flaky",natural,NA,NA,NA,NA,NA,NA,NA,NA
https://www.cheese.com/piave-fresco/,cow,Italy,Veneto,Parmesan,"semi-hard, artisan",NA,NA,"creamy, smooth",natural,ivory,"mild, milky, smooth","mild, milky, pleasant",NA,NA,NA,NA,NA
https://www.cheese.com/piave-vecchio/,cow,Italy,Veneto,Parmesan,"hard, artisan",NA,NA,"dense, firm, flaky",natural,golden yellow,"nutty, strong, sweet",NA,NA,NA,Piave Stravecchio,NA,NA
https://www.cheese.com/piave-vecchio-selezione-oro/,cow,Italy,Veneto,Parmesan,"hard, artisan",NA,NA,"crumbly, dense, flaky, grainy",natural,yellow,"fruity, full-flavored, mild, sweet",NA,NA,NA,Piave Vecchio Gold Selection,NA,NA
https://www.cheese.com/picos-de-europa/,cow,Spain,NA,Blue,"semi-soft, blue-veined",NA,NA,creamy,NA,blue,"spicy, strong",NA,NA,NA,Picos Blue,NA,NA
https://www.cheese.com/picodon-de-chevre/,goat,France,NA,NA,"soft, artisan",NA,NA,"firm, smooth",natural,white,"sour, sweet","goaty, pungent",NA,NA,"Picodon AOC, Picodon PDO, Picodon AOP",NA,NA
https://www.cheese.com/pitchfork-cheddar/,cow,England,NA,NA,hard,NA,NA,"compact, creamy, firm",cloth wrapped,pale yellow,"acidic, fruity, grassy, nutty, tangy","buttery, fruity, grassy, nutty, subtle",FALSE,FALSE,NA,NA,Trethowan Brothers
https://www.cheese.com/pimento/,cow,United States,"Ann Arbor, Michigan",NA,"soft, artisan",NA,NA,"creamy, crumbly",rindless,brown,spicy,NA,FALSE,FALSE,NA,NA,Zingerman's Creamery
https://www.cheese.com/plancherin-d-areches/,goat,France,NA,NA,soft,NA,NA,"creamy, smooth, soft",natural,white,"creamy, floral, herbaceous, mild, nutty, woody","floral, fresh, herbal, perfumed, woody",FALSE,FALSE,NA,Plancherin d'Areches,Caroline Jouguet
https://www.cheese.com/poivre-dane/,"cow, goat",France,NA,NA,"soft, artisan",NA,NA,smooth,natural,white,herbaceous,herbal,NA,NA,NA,NA,NA
https://www.cheese.com/point-reyes-toma/,cow,United States,California,NA,"semi-hard, artisan",NA,NA,"buttery, creamy",waxed,ivory,"buttery, creamy",buttery,TRUE,FALSE,NA,NA,Point Reyes Farmstead Cheese Co
https://www.cheese.com/point-reyes-original-blue/,cow,United States,California,Blue,"semi-soft, artisan, blue-veined",NA,NA,"buttery, creamy",natural,white,"creamy, milky, strong, sweet","fresh, milky, strong",TRUE,FALSE,Original Blue,NA,Point Reyes Farmstead Cheese Co
https://www.cheese.com/pleasant-ridge-reserve/,cow,United States,Wisconsin,NA,"semi-hard, artisan",NA,NA,"crystalline, firm, smooth",washed,golden yellow,"creamy, full-flavored, grassy, nutty",NA,FALSE,FALSE,Uplands Pleasant Ridge,NA,Uplands Cheese Company
https://www.cheese.com/pongs-extraordinary-cheddar/,cow,United Kingdom,NA,NA,"hard, semi-hard",NA,NA,"creamy, crumbly",NA,yellow,NA,NA,NA,NA,NA,NA,NA
https://www.cheese.com/pont-leveque/,cow,France,NA,NA,soft,NA,NA,creamy,washed,pale yellow,"creamy, full-flavored",NA,NA,NA,Pont-l'√âv√™que,NA,NA
https://www.cheese.com/port-salut/,cow,France,Brittany,NA,semi-soft,72.7%,NA,"creamy, smooth",washed,pale yellow,"acidic, mellow",NA,FALSE,FALSE,NA,"Port du Salut, Port Salut",NA
https://www.cheese.com/prastost/,cow,Sweden,NA,Cheddar,semi-soft,45-50%,NA,creamy,NA,yellow,"salty, spicy, strong","aromatic, rich",FALSE,FALSE,"Priest Cheese, Saaland Pfarr, VODCheese",NA,NA
https://www.cheese.com/prairie-breeze-cheddar/,cow,United States,Iowa,Cheddar,"hard, artisan",NA,NA,"creamy, crumbly, grainy",natural,yellow,"nutty, sharp, sweet","grassy, mild",TRUE,FALSE,NA,NA,Milton Creamery LLC
https://www.cheese.com/president-brie/,cow,France,NA,Brie,"soft, artisan, soft-ripened",NA,NA,"buttery, creamy, runny, spreadable",bloomy,pale yellow,"buttery, creamy, subtle",rich,NA,NA,"President Lingot Brie, President Wee Brie",NA,NA
https://www.cheese.com/president-camembert/,cow,United States,New York,Camembert,"semi-soft, soft-ripened",NA,NA,"creamy, firm, soft",bloomy,cream,"creamy, earthy",rich,NA,NA,NA,NA,President Cheese
https://www.cheese.com/president-light-brie/,cow,France,New York,Brie,"soft, soft-ripened",NA,NA,"creamy, runny, smooth",bloomy,white,"creamy, mild, nutty, tangy",strong,NA,NA,NA,NA,President Cheese
https://www.cheese.com/pasteurized-processed/,cow,,NA,NA,"soft, processed",NA,NA,"creamy, smooth, spreadable, springy",plastic,NA,NA,NA,FALSE,FALSE,"cheese spread, cheese food, singles",NA,Various
https://www.cheese.com/processed-cheddar/,cow,,NA,Cheddar,"semi-hard, processed",NA,NA,"creamy, smooth",NA,NA,sharp,NA,NA,NA,NA,NA,NA
https://www.cheese.com/provolone/,cow,Italy,Po valley region,Pasta filata,"semi-hard, artisan",NA,NA,firm,NA,pale yellow,tangy,pleasant,NA,NA,NA,NA,NA
https://www.cheese.com/provel/,cow,United States,"St. Louis, Missouri",Cheddar,"soft, processed",NA,NA,"buttery, gooey",plastic,white,buttery,smokey,FALSE,FALSE,NA,NA,NA
https://www.cheese.com/provolone-del-monaco/,cow,Italy,Naples,Pasta filata,"semi-hard, artisan",40.5%,157 mg/100g,"firm, grainy",NA,pale yellow,"buttery, sweet",pleasant,FALSE,FALSE,Provolone delmonaco,NA,NA
https://www.cheese.com/providence/,goat,United States,North Carolina,NA,"semi-soft, artisan",NA,NA,"compact, crumbly",washed,pale yellow,creamy,yeasty,FALSE,FALSE,NA,NA,Goat Lady Dairy
https://www.cheese.com/provolone-valpadana/,cow,Italy,Valpadana,Pasta filata,"semi-hard, artisan",NA,NA,firm,NA,pale yellow,full-flavored,rich,FALSE,FALSE,NA,NA,NA
https://www.cheese.com/perail-de-brebis/,sheep,France,NA,NA,"soft, artisan",NA,NA,"creamy, smooth",NA,pale yellow,"full-flavored, strong",goaty,NA,NA,"Perail, P√©rail",NA,NA
https://www.cheese.com/purple-haze/,goat,United States,California,NA,fresh soft,NA,NA,"creamy, crumbly, smooth, spreadable",rindless,white,"earthy, herbaceous",aromatic,TRUE,FALSE,NA,NA,Cypress Grove Chevre
https://www.cheese.com/saga/,cow,Denmark,NA,Brie,"soft, blue-veined, soft-ripened",NA,NA,creamy,bloomy,white,"creamy, mild",mild,FALSE,FALSE,"Saga Classic Blue Brie, Saga Blue Brie",NA,NA
https://www.cheese.com/saint-agur/,cow,France,Auvergne,Blue,"soft, blue-veined",60%,NA,"creamy, smooth, spreadable",NA,blue,"fruity, mellow, sharp",strong,FALSE,FALSE,NA,"Saint Agur Coupe, Saint Agur Cr√®me",Savencia Fromage & Dairy
https://www.cheese.com/saint-albray/,cow,France,Aquitaine,NA,semi-soft,NA,NA,"creamy, smooth",washed,NA,"mild, sweet","buttery, mild",NA,NA,NA,"St. Albray, Saint-Albray, St Albray",NA
https://www.cheese.com/saint-andre/,cow,France,NA,Brie,"soft, soft-ripened",NA,NA,"creamy, dense",bloomy,ivory,"buttery, tangy",rich,NA,NA,NA,"St. Andre, Saint Andre, St Andr√©",NA
https://www.cheese.com/sage-derby/,cow,"England, United Kingdom",East Midlands,NA,"semi-hard, artisan",45%,NA,firm,NA,green,"herbaceous, mild",herbal,TRUE,FALSE,NA,NA,NA
https://www.cheese.com/saint-felicien/,cow,France,NA,NA,"soft, artisan",NA,NA,creamy,NA,white,creamy,nutty,NA,NA,Saint F√©licien,St Felicien,NA
https://www.cheese.com/saint-marcellin/,cow,France,NA,NA,"soft, artisan",NA,NA,"creamy, smooth",NA,white,"mild, tangy",NA,FALSE,FALSE,NA,"St Marcellin, Saint-Marcellin",NA
https://www.cheese.com/saint-paulin/,cow,France,NA,Saint-Paulin,"semi-soft, artisan",NA,NA,"creamy, firm",washed,NA,"buttery, sweet",milky,NA,NA,NA,Saint-Paulin,Fromagerie Fritz Kaiser
https://www.cheese.com/saint-nectaire/,cow,France,Auvergne,Tomme,"semi-soft, artisan",NA,NA,"creamy, smooth",washed,ivory,pungent,grassy,FALSE,FALSE,NA,"St. Nectaire, Saint-Nectaire, St Nectaire",NA
https://www.cheese.com/sainte-maure-de-touraine-aoc/,goat,France,Loire,NA,"semi-soft, artisan",NA,NA,"creamy, fluffy, soft",NA,white,NA,NA,FALSE,FALSE,NA,"Saint ‚Äã‚ÄãMaure de Touraine, St ‚Äã‚ÄãMaure de Touraine, Sainte Maure de Touraine",NA
https://www.cheese.com/salers/,cow,France,"Auvergne, Salers",NA,semi-hard,NA,NA,,NA,red,"fruity, spicy",NA,FALSE,FALSE,NA,NA,NA
https://www.cheese.com/san-simon/,cow,Spain,Galicia,NA,semi-soft,NA,NA,"buttery, creamy",natural,cream,buttery,"smokey, woody",FALSE,FALSE,NA,NA,NA
https://www.cheese.com/sancerre/,goat,France,NA,NA,hard,40%,NA,,natural,NA,"nutty, strong",NA,FALSE,FALSE,NA,NA,NA
https://www.cheese.com/sao-jorge/,cow,Portugal,Azores,NA,semi-hard,NA,NA,"chalky, crumbly, firm",natural,golden yellow,"spicy, tangy",NA,FALSE,FALSE,"S. Jorge cheese, Queijo S√£o Jorge, St. George",NA,NA
https://www.cheese.com/sap-sago/,cow,Switzerland,Canton of Glarus,NA,hard,NA,NA,dry,natural,green,NA,herbal,NA,NA,"Schabziger, Swiss Green Cheese",sapsago,NA
https://www.cheese.com/santa-gadea/,goat,Spain,NA,NA,"soft, semi-soft",NA,NA,"creamy, smooth, soft",NA,white,NA,NA,NA,NA,NA,NA,NA
https://www.cheese.com/sardo/,cow,Argentina,NA,NA,hard,NA,NA,"crumbly, firm, flaky",natural,pale yellow,"full-flavored, salty, sharp",NA,FALSE,FALSE,NA,"Argentine Sardo, Sardo Argentino",NA
https://www.cheese.com/sbrinz/,cow,Switzerland,"Lucerne, Schwyz, Unterwald, and Zoug, and the following additional places: Muri district in d'Argovi",Swiss Cheese,"hard, artisan",45%,NA,"dense, flaky",natural,yellow,"butterscotch, full-flavored, nutty, spicy, strong","aromatic, spicy",FALSE,FALSE,NA,NA,NA
https://www.cheese.com/scamorza/,cow,Italy,NA,Pasta filata,semi-soft,NA,NA,"elastic, smooth, springy",natural,white,NA,NA,NA,NA,Smoked Scamorza,Scamorza Affumicata,NA
https://www.cheese.com/seahive/,cow,United States,Utah,Cheddar,"hard, artisan",NA,NA,"dry, firm",natural,pale yellow,"salty, sweet",floral,TRUE,FALSE,NA,NA,Beehive Cheese Company
https://www.cheese.com/selles-sur-cher/,goat,France,NA,NA,soft,NA,NA,firm,ash coated,NA,tangy,"lactic, nutty",NA,NA,NA,NA,NA
https://www.cheese.com/seascape/,"cow, goat",United States,California,NA,"semi-hard, artisan",8 g/100g,NA,"crumbly, smooth",natural,pale yellow,"buttery, caramel, tangy",pleasant,TRUE,FALSE,NA,NA,Central Coast Creamery
https://www.cheese.com/serra-da-estrela-dop/,sheep,Portugal,Serra da Estrela,NA,semi-soft,NA,NA,,NA,ivory,NA,pungent,FALSE,FALSE,"Serra da Estrela, Queijo Serra da Estrela",NA,NA
https://www.cheese.com/vegan-shamembert/,plant-based,United Kingdom,NA,NA,soft,NA,NA,"soft, soft-ripened",mold ripened,white,"earthy, full-flavored, mushroomy, savory, strong",earthy,TRUE,TRUE,NA,NA,Honestly Tasty
https://www.cheese.com/shanklish/,"cow, sheep","Egypt, Lebanon, Syria",NA,Feta,"fresh firm, hard, artisan",NA,NA,"creamy, crumbly, firm",mold ripened,white,"sharp, spicy, strong","pungent, strong",FALSE,FALSE,NA,NA,Grandpa's dairy
https://www.cheese.com/sharpham-rustic/,cow,"England, Great Britain, United Kingdom",Devon,NA,"semi-hard, artisan",NA,NA,creamy,natural,white,"lemony, nutty",fresh,TRUE,FALSE,NA,NA,Sharpham Wine & Cheese
https://www.cheese.com/sharp-cheddar/,cow,United States,NA,Cheddar,"semi-hard, artisan",NA,NA,creamy,natural,NA,"sharp, strong, tangy",NA,NA,NA,NA,NA,NA
https://www.cheese.com/vegan-shoreditch-smoked-cheese/,plant-based,United Kingdom,NA,NA,semi-firm,NA,NA,"creamy, semi firm, soft, spreadable",rindless,pale yellow,"nutty, smokey , umami, yeasty","mild, nutty, smokey, yeasty",TRUE,TRUE,NA,NA,La Fauxmagerie
https://www.cheese.com/shorrocks-lancashire-bomb/,cow,United Kingdom,NA,NA,semi-hard,NA,NA,"creamy, crumbly",NA,yellow,NA,NA,TRUE,FALSE,NA,NA,NA
https://www.cheese.com/shropshire-blue/,cow,United Kingdom,NA,Blue,semi-hard,NA,NA,"creamy, smooth",natural,orange,creamy,rich,TRUE,FALSE,"Blue Shropshire, Blue Stuart, Inverness-shire Blue",NA,NA
https://www.cheese.com/sinodun-hill/,goat,England,NA,NA,soft,NA,NA,fluffy,natural,pale yellow,creamy,clean,TRUE,FALSE,NA,NA,Norton & Yarrow Cheese
https://www.cheese.com/sirene/,"cow, goat, sheep","Albania, Bulgaria, Croatia, Greece, Israel, Macedonia, Romania, Serbia",Trakia,Feta,"fresh soft, brined",NA,NA,"crumbly, grainy, smooth",natural,white,"lemony, salty, sharp, tangy",strong,FALSE,FALSE,Sirenje,NA,NA
https://www.cheese.com/smoked-gouda/,"cow, goat, sheep",Netherlands,NA,Gouda,hard,NA,NA,"buttery, crumbly",waxed,brownish yellow,NA,smokey,NA,NA,NA,NA,NA
https://www.cheese.com/smoked-sulguni/,"buffalo, cow",Georgia,"Svaneti, Samegrelo",NA,semi-firm,NA,NA,"dense, elastic",NA,yellow,"salty, smokey , sour",smokey,NA,NA,"smoked suluguni, Georgian smoked suluguni",Shebolili Megruli Sulguni,NA
https://www.cheese.com/sleightlett/,goat,"England, Great Britain, United Kingdom","Timsbury, Somerset",NA,"fresh soft, artisan",NA,NA,"creamy, fluffy, smooth",mold ripened,white,"citrusy, lemony, nutty","goaty, lactic",FALSE,FALSE,NA,NA,NA
https://www.cheese.com/smoked-lincolnshire-poacher/,cow,United Kingdom,NA,NA,hard,NA,NA,"creamy, crumbly",NA,pale yellow,NA,NA,NA,NA,NA,NA,NA
https://www.cheese.com/somerset-organic-cheddar/,cow,United Kingdom,NA,NA,"hard, organic",NA,NA,"creamy, crumbly",NA,pale yellow,NA,NA,NA,NA,Somerset Cheddar,NA,NA
https://www.cheese.com/somerset-brie/,cow,"England, United Kingdom",Somerset,Brie,"soft, artisan",NA,NA,"creamy, smooth",natural,white,mild,"fresh, grassy, mushroom",TRUE,FALSE,NA,NA,NA
https://www.cheese.com/sofia/,goat,United States,Indiana,NA,"soft, artisan, soft-ripened",NA,NA,"close, creamy, dense, soft, soft-ripened",mold ripened,cream,"citrusy, creamy, sweet, tangy",NA,FALSE,FALSE,NA,NA,Capriole Goat Cheese
https://www.cheese.com/snow-camp/,"cow, goat",United States,North Carolina,NA,semi-firm,NA,NA,soft,bloomy,ivory,"buttery, creamy",buttery,TRUE,FALSE,NA,NA,Goat Lady Dairy
https://www.cheese.com/sottocenere-al-tartufo/,cow,Italy,Veneto,NA,"semi-soft, artisan",NA,NA,"firm, smooth",natural,pale yellow,"creamy, salty, savory","aromatic, spicy",FALSE,FALSE,Italian Truffle Cheese,NA,NA
https://www.cheese.com/soumaintrain/,cow,France,NA,NA,"soft, artisan",NA,NA,"creamy, smooth",washed,NA,creamy,rich,NA,NA,Soumaintrain AOC,NA,NA
https://www.cheese.com/spenwood/,sheep,England,NA,Parmesan,hard,NA,NA,firm,natural,pale yellow,nutty,NA,TRUE,FALSE,NA,NA,NA
https://www.cheese.com/sparkenhoe-red-leicester/,cow,United Kingdom,NA,NA,hard,NA,NA,"brittle, close, creamy, crumbly, flaky",NA,orange,nutty,NA,NA,NA,NA,NA,NA
https://www.cheese.com/sonoma-jack/,cow,United States,"Sonoma, California",Monterey Jack,semi-hard,NA,NA,"brittle, creamy, crumbly, firm, open, supple",natural,pale white,"buttery, herbaceous, mild, mushroomy, nutty, sharp, spicy","aromatic, earthy, herbal, mild",TRUE,FALSE,NA,NA,Vella Cheese Company
https://www.cheese.com/st-andrews-farmhouse-cheddar/,cow,Scotland,NA,NA,hard,NA,NA,"compact, crumbly, dry",waxed,pale yellow,"fruity, grassy, nutty, tangy","buttery, grassy, subtle",FALSE,FALSE,NA,St. Andrews Farmhouse Cheddar,St. Andrews Farmhouse Cheese
https://www.cheese.com/st-cera/,cow,England,NA,NA,soft,NA,NA,"buttery, creamy",washed,yellow,"full-flavored, pronounced",pungent,FALSE,FALSE,St. Cera,NA,Julie Cheyney
https://www.cheese.com/st-tola-ash-log/,goat,Ireland,NA,NA,"soft, artisan",NA,NA,smooth,ash coated,NA,full-flavored,NA,FALSE,FALSE,NA,NA,Inagh Farmhouse Cheese Ltd
https://www.cheese.com/st-james/,sheep,England,NA,NA,semi-soft,NA,NA,close,washed,pink and white,meaty,barnyardy,FALSE,FALSE,NA,St. James,Martin Gott
https://www.cheese.com/st-jude/,cow,"England, Great Britain, United Kingdom",NA,NA,"soft, artisan",NA,NA,"creamy, fluffy",mold ripened,cream,NA,"buttery, rich",FALSE,FALSE,NA,"St. Jude, Saint Jude",NA
https://www.cheese.com/st-tola-log/,goat,Ireland,NA,NA,soft,NA,NA,creamy,natural,NA,citrusy,NA,FALSE,FALSE,St Tola,NA,Inagh Farmhouse Cheese Ltd
https://www.cheese.com/st-pat/,cow,United States,California,NA,"semi-soft, artisan",NA,NA,"creamy, soft",bloomy,pale yellow,"full-flavored, mellow","rich, smokey",TRUE,FALSE,NA,NA,Cowgirl Creamery
https://www.cheese.com/stinking-bishop/,cow,United Kingdom,NA,NA,"semi-soft, artisan",NA,NA,"creamy, smooth",washed,NA,NA,pungent,TRUE,FALSE,NA,NA,Charles Martell & Son Limited
https://www.cheese.com/stilton/,cow,England,"Derbyshire, Leicestershire, Nottinghamshire",Blue,"hard, blue-veined",NA,NA,"creamy, crumbly, smooth",natural,NA,"spicy, strong",NA,NA,NA,"Cropwell Bishop Blue Stilton, Stilton Colston Bassett",NA,NA
https://www.cheese.com/strathdon-blue/,cow,Scotland,Tain,Blue,semi-soft,NA,NA,creamy,NA,NA,"creamy, spicy","aromatic, rich",TRUE,FALSE,NA,NA,Highland Fine Cheeses Limited
https://www.cheese.com/stoney-cross/,cow,"England, Great Britain, United Kingdom",Landford,Tomme,"semi-hard, artisan",NA,NA,"creamy, smooth",mold ripened,yellow,"earthy, subtle, sweet",NA,TRUE,FALSE,NA,NA,Lyburn Farm
https://www.cheese.com/stichelton/,cow,"England, Great Britain, United Kingdom",Nottinghamshire,Blue,"semi-soft, artisan, blue-veined",NA,NA,creamy,mold ripened,ivory,"buttery, caramel, creamy, savory, spicy, sweet",rich,FALSE,FALSE,NA,NA,NA
https://www.cheese.com/string/,,,NA,NA,semi-hard,NA,NA,"chewy, firm, stringy",NA,NA,NA,NA,NA,NA,NA,NA,NA
https://www.cheese.com/sulguni/,"buffalo, cow",Georgia,"Svaneti, Samegrelo",NA,semi-firm,NA,NA,"dense, elastic",NA,NA,"salty, smokey , sour",NA,NA,NA,Georgian Pickle Cheese,"Megruli Sulguni, Shebolili Megruli Sulguni",NA
https://www.cheese.com/sussex-slipcote/,sheep,England,NA,NA,soft,NA,NA,,NA,NA,sharp,NA,TRUE,FALSE,NA,NA,High Weald Dairy
https://www.cheese.com/swaledale/,sheep,England,"Swaledale, North Yorkshire",NA,hard,NA,NA,semi firm,NA,yellow,"smooth, sweet",floral,TRUE,FALSE,Swaledale Sheep Cheese,NA,NA
https://www.cheese.com/swiss/,cow,United States,NA,Swiss Cheese,"hard, artisan, processed",7.8 g/100g,NA,firm,rindless,pale yellow,"nutty, sweet",NA,TRUE,FALSE,American Swiss Cheese,NA,Various
